[2026-03-05 03:31:43,635][__main__][INFO] - Attached latent from adata.X -> adata.obsm['X_hlca'] (latent-only h5ad).
[2026-03-05 03:31:43,801][__main__][INFO] - Subsampled to 200000 cells for training.
[2026-03-05 03:31:53,342][stagebridge.training.trainer][INFO] - Epoch 1/150 | train_loss=0.300006 | val_loss=0.371228
[2026-03-05 03:31:58,321][stagebridge.training.trainer][INFO] - Epoch 2/150 | train_loss=0.290610 | val_loss=0.286380
[2026-03-05 03:32:03,237][stagebridge.training.trainer][INFO] - Epoch 3/150 | train_loss=0.288952 | val_loss=0.365169
[2026-03-05 03:32:08,330][stagebridge.training.trainer][INFO] - Epoch 4/150 | train_loss=0.272854 | val_loss=0.362889
[2026-03-05 03:32:13,513][stagebridge.training.trainer][INFO] - Epoch 5/150 | train_loss=0.277380 | val_loss=0.315270
[2026-03-05 03:32:18,676][stagebridge.training.trainer][INFO] - Epoch 6/150 | train_loss=0.287038 | val_loss=0.330752
[2026-03-05 03:32:25,948][stagebridge.training.trainer][INFO] - Epoch 7/150 | train_loss=0.281856 | val_loss=0.314163
[2026-03-05 03:32:31,098][stagebridge.training.trainer][INFO] - Epoch 8/150 | train_loss=0.276364 | val_loss=0.362369
[2026-03-05 03:32:36,163][stagebridge.training.trainer][INFO] - Epoch 9/150 | train_loss=0.284677 | val_loss=0.320734
[2026-03-05 03:32:41,030][stagebridge.training.trainer][INFO] - Epoch 10/150 | train_loss=0.278329 | val_loss=0.372072
[2026-03-05 03:32:46,210][stagebridge.training.trainer][INFO] - Epoch 11/150 | train_loss=0.276250 | val_loss=0.349094
[2026-03-05 03:32:51,372][stagebridge.training.trainer][INFO] - Epoch 12/150 | train_loss=0.269759 | val_loss=0.314519
[2026-03-05 03:32:58,372][stagebridge.training.trainer][INFO] - Epoch 13/150 | train_loss=0.267260 | val_loss=0.341887
[2026-03-05 03:33:03,579][stagebridge.training.trainer][INFO] - Epoch 14/150 | train_loss=0.270091 | val_loss=0.359702
[2026-03-05 03:33:08,707][stagebridge.training.trainer][INFO] - Epoch 15/150 | train_loss=0.260249 | val_loss=0.337375
[2026-03-05 03:33:13,698][stagebridge.training.trainer][INFO] - Epoch 16/150 | train_loss=0.260797 | val_loss=0.363421
[2026-03-05 03:33:18,673][stagebridge.training.trainer][INFO] - Epoch 17/150 | train_loss=0.266178 | val_loss=0.342849
[2026-03-05 03:33:23,846][stagebridge.training.trainer][INFO] - Epoch 18/150 | train_loss=0.262547 | val_loss=0.296872
[2026-03-05 03:33:30,499][stagebridge.training.trainer][INFO] - Epoch 19/150 | train_loss=0.262210 | val_loss=0.341372
[2026-03-05 03:33:35,616][stagebridge.training.trainer][INFO] - Epoch 20/150 | train_loss=0.263466 | val_loss=0.328595
[2026-03-05 03:33:40,464][stagebridge.training.trainer][INFO] - Epoch 21/150 | train_loss=0.265540 | val_loss=0.371204
[2026-03-05 03:33:45,539][stagebridge.training.trainer][INFO] - Epoch 22/150 | train_loss=0.262002 | val_loss=0.333810
[2026-03-05 03:33:45,539][stagebridge.training.trainer][INFO] - Early stopping triggered after 20 epochs without improvement.
[2026-03-05 03:33:46,602][stagebridge.viz.embeddings][INFO] - UMAP with trajectories written: outputs/hca_poster/figures/hca_poster_stagebridge_umap_pushforward.png
[2026-03-05 03:33:46,788][choreographer.browsers.chromium][INFO] - Chromium init'ed with kwargs {}
[2026-03-05 03:33:53,172][stagebridge.training.trainer][INFO] - Epoch 1/150 | train_loss=0.284885 | val_loss=0.314303
[2026-03-05 03:33:58,384][stagebridge.training.trainer][INFO] - Epoch 2/150 | train_loss=0.276408 | val_loss=0.309740
[2026-03-05 03:34:05,431][stagebridge.training.trainer][INFO] - Epoch 3/150 | train_loss=0.271128 | val_loss=0.295858
[2026-03-05 03:34:10,671][stagebridge.training.trainer][INFO] - Epoch 4/150 | train_loss=0.274744 | val_loss=0.321230
[2026-03-05 03:34:15,828][stagebridge.training.trainer][INFO] - Epoch 5/150 | train_loss=0.267888 | val_loss=0.322614
[2026-03-05 03:34:20,941][stagebridge.training.trainer][INFO] - Epoch 6/150 | train_loss=0.275306 | val_loss=0.352643
[2026-03-05 03:34:26,086][stagebridge.training.trainer][INFO] - Epoch 7/150 | train_loss=0.278829 | val_loss=0.325163
[2026-03-05 03:34:31,231][stagebridge.training.trainer][INFO] - Epoch 8/150 | train_loss=0.272180 | val_loss=0.307068
[2026-03-05 03:34:36,291][stagebridge.training.trainer][INFO] - Epoch 9/150 | train_loss=0.269563 | val_loss=0.342576
[2026-03-05 03:34:41,405][stagebridge.training.trainer][INFO] - Epoch 10/150 | train_loss=0.264568 | val_loss=0.357086
[2026-03-05 03:34:46,509][stagebridge.training.trainer][INFO] - Epoch 11/150 | train_loss=0.258204 | val_loss=0.317367
[2026-03-05 03:34:53,823][stagebridge.training.trainer][INFO] - Epoch 12/150 | train_loss=0.266384 | val_loss=0.338758
[2026-03-05 03:34:58,931][stagebridge.training.trainer][INFO] - Epoch 13/150 | train_loss=0.263980 | val_loss=0.316548
[2026-03-05 03:35:04,023][stagebridge.training.trainer][INFO] - Epoch 14/150 | train_loss=0.269696 | val_loss=0.323013
[2026-03-05 03:35:09,198][stagebridge.training.trainer][INFO] - Epoch 15/150 | train_loss=0.267839 | val_loss=0.317510
[2026-03-05 03:35:14,421][stagebridge.training.trainer][INFO] - Epoch 16/150 | train_loss=0.267409 | val_loss=0.328534
[2026-03-05 03:35:19,585][stagebridge.training.trainer][INFO] - Epoch 17/150 | train_loss=0.273204 | val_loss=0.331929
[2026-03-05 03:35:24,757][stagebridge.training.trainer][INFO] - Epoch 18/150 | train_loss=0.265168 | val_loss=0.332023
[2026-03-05 03:35:31,521][stagebridge.training.trainer][INFO] - Epoch 19/150 | train_loss=0.263214 | val_loss=0.326650
[2026-03-05 03:35:36,691][stagebridge.training.trainer][INFO] - Epoch 20/150 | train_loss=0.267351 | val_loss=0.306910
[2026-03-05 03:35:41,877][stagebridge.training.trainer][INFO] - Epoch 21/150 | train_loss=0.264521 | val_loss=0.345109
[2026-03-05 03:35:47,085][stagebridge.training.trainer][INFO] - Epoch 22/150 | train_loss=0.266525 | val_loss=0.344856
[2026-03-05 03:35:52,357][stagebridge.training.trainer][INFO] - Epoch 23/150 | train_loss=0.264161 | val_loss=0.310845
[2026-03-05 03:35:52,357][stagebridge.training.trainer][INFO] - Early stopping triggered after 20 epochs without improvement.
[2026-03-05 03:35:58,506][stagebridge.training.trainer][INFO] - Epoch 1/150 | train_loss=0.306092 | val_loss=0.288987
[2026-03-05 03:36:05,291][stagebridge.training.trainer][INFO] - Epoch 2/150 | train_loss=0.293843 | val_loss=0.305643
[2026-03-05 03:36:10,453][stagebridge.training.trainer][INFO] - Epoch 3/150 | train_loss=0.297251 | val_loss=0.284932
[2026-03-05 03:36:15,585][stagebridge.training.trainer][INFO] - Epoch 4/150 | train_loss=0.282808 | val_loss=0.290126
[2026-03-05 03:36:20,665][stagebridge.training.trainer][INFO] - Epoch 5/150 | train_loss=0.279617 | val_loss=0.318505
[2026-03-05 03:36:25,759][stagebridge.training.trainer][INFO] - Epoch 6/150 | train_loss=0.282783 | val_loss=0.303953
[2026-03-05 03:36:30,877][stagebridge.training.trainer][INFO] - Epoch 7/150 | train_loss=0.278080 | val_loss=0.302049
[2026-03-05 03:36:37,683][stagebridge.training.trainer][INFO] - Epoch 8/150 | train_loss=0.280718 | val_loss=0.301676
[2026-03-05 03:36:42,889][stagebridge.training.trainer][INFO] - Epoch 9/150 | train_loss=0.275627 | val_loss=0.299446
[2026-03-05 03:36:48,047][stagebridge.training.trainer][INFO] - Epoch 10/150 | train_loss=0.271091 | val_loss=0.286875
[2026-03-05 03:36:53,146][stagebridge.training.trainer][INFO] - Epoch 11/150 | train_loss=0.273745 | val_loss=0.301145
[2026-03-05 03:36:58,277][stagebridge.training.trainer][INFO] - Epoch 12/150 | train_loss=0.284091 | val_loss=0.320920
[2026-03-05 03:37:03,400][stagebridge.training.trainer][INFO] - Epoch 13/150 | train_loss=0.265394 | val_loss=0.281495
[2026-03-05 03:37:10,066][stagebridge.training.trainer][INFO] - Epoch 14/150 | train_loss=0.273686 | val_loss=0.323700
[2026-03-05 03:37:15,187][stagebridge.training.trainer][INFO] - Epoch 15/150 | train_loss=0.280420 | val_loss=0.299443
[2026-03-05 03:37:20,315][stagebridge.training.trainer][INFO] - Epoch 16/150 | train_loss=0.271999 | val_loss=0.306784
[2026-03-05 03:37:25,451][stagebridge.training.trainer][INFO] - Epoch 17/150 | train_loss=0.275455 | val_loss=0.317672
[2026-03-05 03:37:30,523][stagebridge.training.trainer][INFO] - Epoch 18/150 | train_loss=0.265145 | val_loss=0.301129
[2026-03-05 03:37:35,627][stagebridge.training.trainer][INFO] - Epoch 19/150 | train_loss=0.273672 | val_loss=0.293395
[2026-03-05 03:37:40,665][stagebridge.training.trainer][INFO] - Epoch 20/150 | train_loss=0.273032 | val_loss=0.303881
[2026-03-05 03:37:47,300][stagebridge.training.trainer][INFO] - Epoch 21/150 | train_loss=0.264950 | val_loss=0.307971
[2026-03-05 03:37:52,362][stagebridge.training.trainer][INFO] - Epoch 22/150 | train_loss=0.259856 | val_loss=0.291582
[2026-03-05 03:37:58,957][stagebridge.training.trainer][INFO] - Epoch 23/150 | train_loss=0.269736 | val_loss=0.292933
[2026-03-05 03:38:04,980][stagebridge.training.trainer][INFO] - Epoch 24/150 | train_loss=0.271005 | val_loss=0.288001
[2026-03-05 03:38:10,037][stagebridge.training.trainer][INFO] - Epoch 25/150 | train_loss=0.267898 | val_loss=0.302964
[2026-03-05 03:38:16,656][stagebridge.training.trainer][INFO] - Epoch 26/150 | train_loss=0.271902 | val_loss=0.314608
[2026-03-05 03:38:21,727][stagebridge.training.trainer][INFO] - Epoch 27/150 | train_loss=0.273479 | val_loss=0.309730
[2026-03-05 03:38:26,750][stagebridge.training.trainer][INFO] - Epoch 28/150 | train_loss=0.258116 | val_loss=0.295820
[2026-03-05 03:38:32,225][stagebridge.training.trainer][INFO] - Epoch 29/150 | train_loss=0.268803 | val_loss=0.291195
[2026-03-05 03:38:37,385][stagebridge.training.trainer][INFO] - Epoch 30/150 | train_loss=0.264282 | val_loss=0.291215
[2026-03-05 03:38:42,578][stagebridge.training.trainer][INFO] - Epoch 31/150 | train_loss=0.270065 | val_loss=0.303061
[2026-03-05 03:38:47,765][stagebridge.training.trainer][INFO] - Epoch 32/150 | train_loss=0.261407 | val_loss=0.305195
[2026-03-05 03:38:54,566][stagebridge.training.trainer][INFO] - Epoch 33/150 | train_loss=0.255894 | val_loss=0.282146
[2026-03-05 03:38:54,567][stagebridge.training.trainer][INFO] - Early stopping triggered after 20 epochs without improvement.
[2026-03-05 03:38:59,974][stagebridge.training.trainer][INFO] - Epoch 1/150 | train_loss=0.302168 | val_loss=0.323840
[2026-03-05 03:39:04,025][stagebridge.training.trainer][INFO] - Epoch 2/150 | train_loss=0.287468 | val_loss=0.292312
[2026-03-05 03:39:08,072][stagebridge.training.trainer][INFO] - Epoch 3/150 | train_loss=0.290143 | val_loss=0.301153
[2026-03-05 03:39:12,077][stagebridge.training.trainer][INFO] - Epoch 4/150 | train_loss=0.287549 | val_loss=0.306247
[2026-03-05 03:39:16,101][stagebridge.training.trainer][INFO] - Epoch 5/150 | train_loss=0.280805 | val_loss=0.324057
[2026-03-05 03:39:20,121][stagebridge.training.trainer][INFO] - Epoch 6/150 | train_loss=0.273008 | val_loss=0.342644
[2026-03-05 03:39:25,740][stagebridge.training.trainer][INFO] - Epoch 7/150 | train_loss=0.271963 | val_loss=0.353458
[2026-03-05 03:39:29,810][stagebridge.training.trainer][INFO] - Epoch 8/150 | train_loss=0.262286 | val_loss=0.326163
[2026-03-05 03:39:33,830][stagebridge.training.trainer][INFO] - Epoch 9/150 | train_loss=0.264601 | val_loss=0.329501
[2026-03-05 03:39:37,896][stagebridge.training.trainer][INFO] - Epoch 10/150 | train_loss=0.255937 | val_loss=0.325330
[2026-03-05 03:39:42,005][stagebridge.training.trainer][INFO] - Epoch 11/150 | train_loss=0.261939 | val_loss=0.371601
[2026-03-05 03:39:46,078][stagebridge.training.trainer][INFO] - Epoch 12/150 | train_loss=0.260022 | val_loss=0.366242
[2026-03-05 03:39:50,183][stagebridge.training.trainer][INFO] - Epoch 13/150 | train_loss=0.260953 | val_loss=0.318908
[2026-03-05 03:39:54,285][stagebridge.training.trainer][INFO] - Epoch 14/150 | train_loss=0.259166 | val_loss=0.313215
[2026-03-05 03:39:59,980][stagebridge.training.trainer][INFO] - Epoch 15/150 | train_loss=0.258356 | val_loss=0.323216
[2026-03-05 03:40:04,057][stagebridge.training.trainer][INFO] - Epoch 16/150 | train_loss=0.253784 | val_loss=0.362869
[2026-03-05 03:40:08,118][stagebridge.training.trainer][INFO] - Epoch 17/150 | train_loss=0.252289 | val_loss=0.311079
[2026-03-05 03:40:12,111][stagebridge.training.trainer][INFO] - Epoch 18/150 | train_loss=0.252611 | val_loss=0.395026
[2026-03-05 03:40:16,150][stagebridge.training.trainer][INFO] - Epoch 19/150 | train_loss=0.253594 | val_loss=0.295234
[2026-03-05 03:40:20,216][stagebridge.training.trainer][INFO] - Epoch 20/150 | train_loss=0.252275 | val_loss=0.357812
[2026-03-05 03:40:24,247][stagebridge.training.trainer][INFO] - Epoch 21/150 | train_loss=0.250199 | val_loss=0.320446
[2026-03-05 03:40:28,255][stagebridge.training.trainer][INFO] - Epoch 22/150 | train_loss=0.250580 | val_loss=0.333843
[2026-03-05 03:40:28,255][stagebridge.training.trainer][INFO] - Early stopping triggered after 20 epochs without improvement.
[2026-03-05 03:40:28,930][stagebridge.viz.embeddings][INFO] - UMAP with trajectories written: outputs/hca_poster/figures/hca_poster_deepsets_umap_pushforward.png
[2026-03-05 03:40:28,940][choreographer.browsers.chromium][INFO] - Chromium init'ed with kwargs {}
[2026-03-05 03:40:35,676][stagebridge.training.trainer][INFO] - Epoch 1/150 | train_loss=0.296938 | val_loss=0.316361
[2026-03-05 03:40:39,751][stagebridge.training.trainer][INFO] - Epoch 2/150 | train_loss=0.273749 | val_loss=0.314471
[2026-03-05 03:40:43,814][stagebridge.training.trainer][INFO] - Epoch 3/150 | train_loss=0.269330 | val_loss=0.322816
[2026-03-05 03:40:47,896][stagebridge.training.trainer][INFO] - Epoch 4/150 | train_loss=0.268192 | val_loss=0.301468
[2026-03-05 03:40:51,956][stagebridge.training.trainer][INFO] - Epoch 5/150 | train_loss=0.257991 | val_loss=0.312413
[2026-03-05 03:40:55,974][stagebridge.training.trainer][INFO] - Epoch 6/150 | train_loss=0.263640 | val_loss=0.325215
[2026-03-05 03:40:59,977][stagebridge.training.trainer][INFO] - Epoch 7/150 | train_loss=0.264601 | val_loss=0.314885
[2026-03-05 03:41:05,535][stagebridge.training.trainer][INFO] - Epoch 8/150 | train_loss=0.254447 | val_loss=0.308193
[2026-03-05 03:41:09,449][stagebridge.training.trainer][INFO] - Epoch 9/150 | train_loss=0.260281 | val_loss=0.318816
[2026-03-05 03:41:13,471][stagebridge.training.trainer][INFO] - Epoch 10/150 | train_loss=0.257699 | val_loss=0.303212
[2026-03-05 03:41:17,506][stagebridge.training.trainer][INFO] - Epoch 11/150 | train_loss=0.250464 | val_loss=0.321122
[2026-03-05 03:41:21,575][stagebridge.training.trainer][INFO] - Epoch 12/150 | train_loss=0.255983 | val_loss=0.346258
[2026-03-05 03:41:25,548][stagebridge.training.trainer][INFO] - Epoch 13/150 | train_loss=0.256408 | val_loss=0.326710
[2026-03-05 03:41:29,575][stagebridge.training.trainer][INFO] - Epoch 14/150 | train_loss=0.245893 | val_loss=0.319416
[2026-03-05 03:41:33,556][stagebridge.training.trainer][INFO] - Epoch 15/150 | train_loss=0.256064 | val_loss=0.329764
[2026-03-05 03:41:37,581][stagebridge.training.trainer][INFO] - Epoch 16/150 | train_loss=0.246793 | val_loss=0.321648
[2026-03-05 03:41:43,258][stagebridge.training.trainer][INFO] - Epoch 17/150 | train_loss=0.248908 | val_loss=0.307255
[2026-03-05 03:41:47,255][stagebridge.training.trainer][INFO] - Epoch 18/150 | train_loss=0.243113 | val_loss=0.322492
[2026-03-05 03:41:51,249][stagebridge.training.trainer][INFO] - Epoch 19/150 | train_loss=0.247228 | val_loss=0.325084
[2026-03-05 03:41:55,214][stagebridge.training.trainer][INFO] - Epoch 20/150 | train_loss=0.242286 | val_loss=0.327232
[2026-03-05 03:41:59,163][stagebridge.training.trainer][INFO] - Epoch 21/150 | train_loss=0.243898 | val_loss=0.312710
[2026-03-05 03:42:03,169][stagebridge.training.trainer][INFO] - Epoch 22/150 | train_loss=0.248516 | val_loss=0.339593
[2026-03-05 03:42:07,175][stagebridge.training.trainer][INFO] - Epoch 23/150 | train_loss=0.248280 | val_loss=0.298356
[2026-03-05 03:42:11,188][stagebridge.training.trainer][INFO] - Epoch 24/150 | train_loss=0.244177 | val_loss=0.314156
[2026-03-05 03:42:16,824][stagebridge.training.trainer][INFO] - Epoch 25/150 | train_loss=0.243086 | val_loss=0.307620
[2026-03-05 03:42:20,825][stagebridge.training.trainer][INFO] - Epoch 26/150 | train_loss=0.238125 | val_loss=0.321538
[2026-03-05 03:42:24,810][stagebridge.training.trainer][INFO] - Epoch 27/150 | train_loss=0.244814 | val_loss=0.317663
[2026-03-05 03:42:28,760][stagebridge.training.trainer][INFO] - Epoch 28/150 | train_loss=0.235833 | val_loss=0.309795
[2026-03-05 03:42:32,682][stagebridge.training.trainer][INFO] - Epoch 29/150 | train_loss=0.233874 | val_loss=0.315645
[2026-03-05 03:42:36,659][stagebridge.training.trainer][INFO] - Epoch 30/150 | train_loss=0.240011 | val_loss=0.312773
[2026-03-05 03:42:40,636][stagebridge.training.trainer][INFO] - Epoch 31/150 | train_loss=0.240565 | val_loss=0.322283
[2026-03-05 03:42:44,663][stagebridge.training.trainer][INFO] - Epoch 32/150 | train_loss=0.239304 | val_loss=0.299977
[2026-03-05 03:42:50,240][stagebridge.training.trainer][INFO] - Epoch 33/150 | train_loss=0.235947 | val_loss=0.358809
[2026-03-05 03:42:54,271][stagebridge.training.trainer][INFO] - Epoch 34/150 | train_loss=0.241908 | val_loss=0.310029
[2026-03-05 03:42:58,295][stagebridge.training.trainer][INFO] - Epoch 35/150 | train_loss=0.243935 | val_loss=0.326573
[2026-03-05 03:43:02,290][stagebridge.training.trainer][INFO] - Epoch 36/150 | train_loss=0.236387 | val_loss=0.317762
[2026-03-05 03:43:06,248][stagebridge.training.trainer][INFO] - Epoch 37/150 | train_loss=0.233369 | val_loss=0.347345
[2026-03-05 03:43:10,278][stagebridge.training.trainer][INFO] - Epoch 38/150 | train_loss=0.231834 | val_loss=0.308804
[2026-03-05 03:43:14,278][stagebridge.training.trainer][INFO] - Epoch 39/150 | train_loss=0.233859 | val_loss=0.300013
[2026-03-05 03:43:18,299][stagebridge.training.trainer][INFO] - Epoch 40/150 | train_loss=0.234530 | val_loss=0.314390
[2026-03-05 03:43:23,964][stagebridge.training.trainer][INFO] - Epoch 41/150 | train_loss=0.233090 | val_loss=0.302818
[2026-03-05 03:43:27,959][stagebridge.training.trainer][INFO] - Epoch 42/150 | train_loss=0.232544 | val_loss=0.328202
[2026-03-05 03:43:32,038][stagebridge.training.trainer][INFO] - Epoch 43/150 | train_loss=0.232449 | val_loss=0.295307
[2026-03-05 03:43:36,078][stagebridge.training.trainer][INFO] - Epoch 44/150 | train_loss=0.230878 | val_loss=0.317005
[2026-03-05 03:43:40,134][stagebridge.training.trainer][INFO] - Epoch 45/150 | train_loss=0.232597 | val_loss=0.302341
[2026-03-05 03:43:44,195][stagebridge.training.trainer][INFO] - Epoch 46/150 | train_loss=0.229672 | val_loss=0.293410
[2026-03-05 03:43:48,302][stagebridge.training.trainer][INFO] - Epoch 47/150 | train_loss=0.233681 | val_loss=0.324678
[2026-03-05 03:43:52,409][stagebridge.training.trainer][INFO] - Epoch 48/150 | train_loss=0.226833 | val_loss=0.337062
[2026-03-05 03:43:58,106][stagebridge.training.trainer][INFO] - Epoch 49/150 | train_loss=0.228386 | val_loss=0.310352
[2026-03-05 03:44:02,164][stagebridge.training.trainer][INFO] - Epoch 50/150 | train_loss=0.224276 | val_loss=0.330263
[2026-03-05 03:44:06,340][stagebridge.training.trainer][INFO] - Epoch 51/150 | train_loss=0.226360 | val_loss=0.311194
[2026-03-05 03:44:10,299][stagebridge.training.trainer][INFO] - Epoch 52/150 | train_loss=0.227778 | val_loss=0.291400
[2026-03-05 03:44:14,293][stagebridge.training.trainer][INFO] - Epoch 53/150 | train_loss=0.222207 | val_loss=0.322203
[2026-03-05 03:44:18,358][stagebridge.training.trainer][INFO] - Epoch 54/150 | train_loss=0.224885 | val_loss=0.302528
[2026-03-05 03:44:22,340][stagebridge.training.trainer][INFO] - Epoch 55/150 | train_loss=0.228270 | val_loss=0.318955
[2026-03-05 03:44:26,340][stagebridge.training.trainer][INFO] - Epoch 56/150 | train_loss=0.224132 | val_loss=0.339426
[2026-03-05 03:44:32,027][stagebridge.training.trainer][INFO] - Epoch 57/150 | train_loss=0.225028 | val_loss=0.300221
[2026-03-05 03:44:36,003][stagebridge.training.trainer][INFO] - Epoch 58/150 | train_loss=0.224946 | val_loss=0.314893
[2026-03-05 03:44:39,982][stagebridge.training.trainer][INFO] - Epoch 59/150 | train_loss=0.220213 | val_loss=0.313439
[2026-03-05 03:44:43,894][stagebridge.training.trainer][INFO] - Epoch 60/150 | train_loss=0.218866 | val_loss=0.319645
[2026-03-05 03:44:47,850][stagebridge.training.trainer][INFO] - Epoch 61/150 | train_loss=0.226172 | val_loss=0.310210
[2026-03-05 03:44:51,859][stagebridge.training.trainer][INFO] - Epoch 62/150 | train_loss=0.219803 | val_loss=0.318202
[2026-03-05 03:44:55,855][stagebridge.training.trainer][INFO] - Epoch 63/150 | train_loss=0.221128 | val_loss=0.318624
[2026-03-05 03:44:59,985][stagebridge.training.trainer][INFO] - Epoch 64/150 | train_loss=0.222129 | val_loss=0.325821
[2026-03-05 03:45:05,658][stagebridge.training.trainer][INFO] - Epoch 65/150 | train_loss=0.222507 | val_loss=0.308887
[2026-03-05 03:45:09,671][stagebridge.training.trainer][INFO] - Epoch 66/150 | train_loss=0.219606 | val_loss=0.318469
[2026-03-05 03:45:13,706][stagebridge.training.trainer][INFO] - Epoch 67/150 | train_loss=0.220445 | val_loss=0.331258
[2026-03-05 03:45:17,638][stagebridge.training.trainer][INFO] - Epoch 68/150 | train_loss=0.217893 | val_loss=0.323439
[2026-03-05 03:45:21,609][stagebridge.training.trainer][INFO] - Epoch 69/150 | train_loss=0.220772 | val_loss=0.315560
[2026-03-05 03:45:25,611][stagebridge.training.trainer][INFO] - Epoch 70/150 | train_loss=0.214403 | val_loss=0.303213
[2026-03-05 03:45:29,640][stagebridge.training.trainer][INFO] - Epoch 71/150 | train_loss=0.223399 | val_loss=0.297105
[2026-03-05 03:45:33,652][stagebridge.training.trainer][INFO] - Epoch 72/150 | train_loss=0.218419 | val_loss=0.296890
[2026-03-05 03:45:33,652][stagebridge.training.trainer][INFO] - Early stopping triggered after 20 epochs without improvement.
[2026-03-05 03:45:40,310][stagebridge.training.trainer][INFO] - Epoch 1/150 | train_loss=0.294148 | val_loss=0.291375
[2026-03-05 03:45:44,314][stagebridge.training.trainer][INFO] - Epoch 2/150 | train_loss=0.293985 | val_loss=0.288217
[2026-03-05 03:45:48,321][stagebridge.training.trainer][INFO] - Epoch 3/150 | train_loss=0.275206 | val_loss=0.279713
[2026-03-05 03:45:52,295][stagebridge.training.trainer][INFO] - Epoch 4/150 | train_loss=0.281924 | val_loss=0.308323
[2026-03-05 03:45:56,226][stagebridge.training.trainer][INFO] - Epoch 5/150 | train_loss=0.270991 | val_loss=0.283730
[2026-03-05 03:46:00,227][stagebridge.training.trainer][INFO] - Epoch 6/150 | train_loss=0.257895 | val_loss=0.295709
[2026-03-05 03:46:04,230][stagebridge.training.trainer][INFO] - Epoch 7/150 | train_loss=0.259742 | val_loss=0.302216
[2026-03-05 03:46:08,230][stagebridge.training.trainer][INFO] - Epoch 8/150 | train_loss=0.259457 | val_loss=0.271760
[2026-03-05 03:46:13,886][stagebridge.training.trainer][INFO] - Epoch 9/150 | train_loss=0.257069 | val_loss=0.269769
[2026-03-05 03:46:17,885][stagebridge.training.trainer][INFO] - Epoch 10/150 | train_loss=0.252343 | val_loss=0.304067
[2026-03-05 03:46:21,934][stagebridge.training.trainer][INFO] - Epoch 11/150 | train_loss=0.255896 | val_loss=0.316185
[2026-03-05 03:46:25,906][stagebridge.training.trainer][INFO] - Epoch 12/150 | train_loss=0.260307 | val_loss=0.298556
[2026-03-05 03:46:29,887][stagebridge.training.trainer][INFO] - Epoch 13/150 | train_loss=0.259529 | val_loss=0.301677
[2026-03-05 03:46:33,865][stagebridge.training.trainer][INFO] - Epoch 14/150 | train_loss=0.253832 | val_loss=0.295190
[2026-03-05 03:46:37,922][stagebridge.training.trainer][INFO] - Epoch 15/150 | train_loss=0.252453 | val_loss=0.293802
[2026-03-05 03:46:41,904][stagebridge.training.trainer][INFO] - Epoch 16/150 | train_loss=0.256311 | val_loss=0.296217
[2026-03-05 03:46:47,575][stagebridge.training.trainer][INFO] - Epoch 17/150 | train_loss=0.254225 | val_loss=0.290981
[2026-03-05 03:46:51,535][stagebridge.training.trainer][INFO] - Epoch 18/150 | train_loss=0.247051 | val_loss=0.294464
[2026-03-05 03:46:55,510][stagebridge.training.trainer][INFO] - Epoch 19/150 | train_loss=0.243436 | val_loss=0.293115
[2026-03-05 03:46:59,511][stagebridge.training.trainer][INFO] - Epoch 20/150 | train_loss=0.246791 | val_loss=0.296610
[2026-03-05 03:47:03,501][stagebridge.training.trainer][INFO] - Epoch 21/150 | train_loss=0.248433 | val_loss=0.306847
[2026-03-05 03:47:07,465][stagebridge.training.trainer][INFO] - Epoch 22/150 | train_loss=0.249933 | val_loss=0.317131
[2026-03-05 03:47:11,430][stagebridge.training.trainer][INFO] - Epoch 23/150 | train_loss=0.248999 | val_loss=0.293058
[2026-03-05 03:47:15,389][stagebridge.training.trainer][INFO] - Epoch 24/150 | train_loss=0.239395 | val_loss=0.307681
[2026-03-05 03:47:21,028][stagebridge.training.trainer][INFO] - Epoch 25/150 | train_loss=0.245394 | val_loss=0.306633
[2026-03-05 03:47:24,977][stagebridge.training.trainer][INFO] - Epoch 26/150 | train_loss=0.245558 | val_loss=0.298841
[2026-03-05 03:47:28,997][stagebridge.training.trainer][INFO] - Epoch 27/150 | train_loss=0.241295 | val_loss=0.294196
[2026-03-05 03:47:33,071][stagebridge.training.trainer][INFO] - Epoch 28/150 | train_loss=0.241917 | val_loss=0.307321
[2026-03-05 03:47:37,295][stagebridge.training.trainer][INFO] - Epoch 29/150 | train_loss=0.244565 | val_loss=0.292175
[2026-03-05 03:47:37,295][stagebridge.training.trainer][INFO] - Early stopping triggered after 20 epochs without improvement.
[2026-03-05 03:47:42,716][stagebridge.training.trainer][INFO] - Epoch 1/150 | train_loss=0.296763 | val_loss=0.301547
[2026-03-05 03:47:47,626][stagebridge.training.trainer][INFO] - Epoch 2/150 | train_loss=0.292760 | val_loss=0.331505
[2026-03-05 03:47:53,630][stagebridge.training.trainer][INFO] - Epoch 3/150 | train_loss=0.302484 | val_loss=0.285195
[2026-03-05 03:47:57,742][stagebridge.training.trainer][INFO] - Epoch 4/150 | train_loss=0.296598 | val_loss=0.292273
[2026-03-05 03:48:02,093][stagebridge.training.trainer][INFO] - Epoch 5/150 | train_loss=0.302423 | val_loss=0.312509
[2026-03-05 03:48:06,739][stagebridge.training.trainer][INFO] - Epoch 6/150 | train_loss=0.302487 | val_loss=0.267587
[2026-03-05 03:48:11,438][stagebridge.training.trainer][INFO] - Epoch 7/150 | train_loss=0.295607 | val_loss=0.312071
[2026-03-05 03:48:16,253][stagebridge.training.trainer][INFO] - Epoch 8/150 | train_loss=0.306797 | val_loss=0.331783
[2026-03-05 03:48:20,737][stagebridge.training.trainer][INFO] - Epoch 9/150 | train_loss=0.308709 | val_loss=0.297318
[2026-03-05 03:48:27,023][stagebridge.training.trainer][INFO] - Epoch 10/150 | train_loss=0.301000 | val_loss=0.297183
[2026-03-05 03:48:31,619][stagebridge.training.trainer][INFO] - Epoch 11/150 | train_loss=0.301104 | val_loss=0.353557
[2026-03-05 03:48:36,331][stagebridge.training.trainer][INFO] - Epoch 12/150 | train_loss=0.287187 | val_loss=0.340225
[2026-03-05 03:48:40,162][stagebridge.training.trainer][INFO] - Epoch 13/150 | train_loss=0.297767 | val_loss=0.330109
[2026-03-05 03:48:43,925][stagebridge.training.trainer][INFO] - Epoch 14/150 | train_loss=0.291385 | val_loss=0.321207
[2026-03-05 03:48:47,690][stagebridge.training.trainer][INFO] - Epoch 15/150 | train_loss=0.295969 | val_loss=0.296995
[2026-03-05 03:48:51,435][stagebridge.training.trainer][INFO] - Epoch 16/150 | train_loss=0.300914 | val_loss=0.316357
[2026-03-05 03:48:55,213][stagebridge.training.trainer][INFO] - Epoch 17/150 | train_loss=0.295651 | val_loss=0.321991
[2026-03-05 03:49:00,797][stagebridge.training.trainer][INFO] - Epoch 18/150 | train_loss=0.292749 | val_loss=0.302539
[2026-03-05 03:49:04,606][stagebridge.training.trainer][INFO] - Epoch 19/150 | train_loss=0.292541 | val_loss=0.317355
[2026-03-05 03:49:08,424][stagebridge.training.trainer][INFO] - Epoch 20/150 | train_loss=0.296771 | val_loss=0.295680
[2026-03-05 03:49:12,100][stagebridge.training.trainer][INFO] - Epoch 21/150 | train_loss=0.290573 | val_loss=0.289954
[2026-03-05 03:49:15,727][stagebridge.training.trainer][INFO] - Epoch 22/150 | train_loss=0.283074 | val_loss=0.284857
[2026-03-05 03:49:19,471][stagebridge.training.trainer][INFO] - Epoch 23/150 | train_loss=0.291305 | val_loss=0.296067
[2026-03-05 03:49:23,239][stagebridge.training.trainer][INFO] - Epoch 24/150 | train_loss=0.291439 | val_loss=0.296545
[2026-03-05 03:49:27,013][stagebridge.training.trainer][INFO] - Epoch 25/150 | train_loss=0.282927 | val_loss=0.293890
[2026-03-05 03:49:30,789][stagebridge.training.trainer][INFO] - Epoch 26/150 | train_loss=0.281062 | val_loss=0.323315
[2026-03-05 03:49:30,789][stagebridge.training.trainer][INFO] - Early stopping triggered after 20 epochs without improvement.
[2026-03-05 03:49:31,455][stagebridge.viz.embeddings][INFO] - UMAP with trajectories written: outputs/hca_poster/figures/hca_poster_no_context_umap_pushforward.png
[2026-03-05 03:49:31,464][choreographer.browsers.chromium][INFO] - Chromium init'ed with kwargs {}
[2026-03-05 03:49:38,293][stagebridge.training.trainer][INFO] - Epoch 1/150 | train_loss=0.287865 | val_loss=0.336648
[2026-03-05 03:49:42,219][stagebridge.training.trainer][INFO] - Epoch 2/150 | train_loss=0.284753 | val_loss=0.306979
[2026-03-05 03:49:45,940][stagebridge.training.trainer][INFO] - Epoch 3/150 | train_loss=0.287253 | val_loss=0.305134
[2026-03-05 03:49:49,533][stagebridge.training.trainer][INFO] - Epoch 4/150 | train_loss=0.282006 | val_loss=0.298055
[2026-03-05 03:49:53,201][stagebridge.training.trainer][INFO] - Epoch 5/150 | train_loss=0.285268 | val_loss=0.305008
[2026-03-05 03:49:56,947][stagebridge.training.trainer][INFO] - Epoch 6/150 | train_loss=0.286154 | val_loss=0.322712
[2026-03-05 03:50:00,739][stagebridge.training.trainer][INFO] - Epoch 7/150 | train_loss=0.284301 | val_loss=0.319494
[2026-03-05 03:50:04,566][stagebridge.training.trainer][INFO] - Epoch 8/150 | train_loss=0.291571 | val_loss=0.317943
[2026-03-05 03:50:10,433][stagebridge.training.trainer][INFO] - Epoch 9/150 | train_loss=0.273329 | val_loss=0.320468
[2026-03-05 03:50:14,446][stagebridge.training.trainer][INFO] - Epoch 10/150 | train_loss=0.275337 | val_loss=0.303091
[2026-03-05 03:50:18,328][stagebridge.training.trainer][INFO] - Epoch 11/150 | train_loss=0.285551 | val_loss=0.306629
[2026-03-05 03:50:21,960][stagebridge.training.trainer][INFO] - Epoch 12/150 | train_loss=0.285834 | val_loss=0.300111
[2026-03-05 03:50:25,579][stagebridge.training.trainer][INFO] - Epoch 13/150 | train_loss=0.284355 | val_loss=0.308355
[2026-03-05 03:50:29,197][stagebridge.training.trainer][INFO] - Epoch 14/150 | train_loss=0.289368 | val_loss=0.301000
[2026-03-05 03:50:32,794][stagebridge.training.trainer][INFO] - Epoch 15/150 | train_loss=0.282493 | val_loss=0.318359
[2026-03-05 03:50:36,649][stagebridge.training.trainer][INFO] - Epoch 16/150 | train_loss=0.287431 | val_loss=0.315336
[2026-03-05 03:50:40,571][stagebridge.training.trainer][INFO] - Epoch 17/150 | train_loss=0.283194 | val_loss=0.307674
[2026-03-05 03:50:46,640][stagebridge.training.trainer][INFO] - Epoch 18/150 | train_loss=0.271975 | val_loss=0.313390
[2026-03-05 03:50:50,704][stagebridge.training.trainer][INFO] - Epoch 19/150 | train_loss=0.277569 | val_loss=0.331787
[2026-03-05 03:50:54,416][stagebridge.training.trainer][INFO] - Epoch 20/150 | train_loss=0.279986 | val_loss=0.341538
[2026-03-05 03:50:58,018][stagebridge.training.trainer][INFO] - Epoch 21/150 | train_loss=0.286090 | val_loss=0.329730
[2026-03-05 03:51:01,660][stagebridge.training.trainer][INFO] - Epoch 22/150 | train_loss=0.277792 | val_loss=0.285615
[2026-03-05 03:51:05,309][stagebridge.training.trainer][INFO] - Epoch 23/150 | train_loss=0.269523 | val_loss=0.345930
[2026-03-05 03:51:09,052][stagebridge.training.trainer][INFO] - Epoch 24/150 | train_loss=0.277642 | val_loss=0.335459
[2026-03-05 03:51:12,988][stagebridge.training.trainer][INFO] - Epoch 25/150 | train_loss=0.276310 | val_loss=0.317479
[2026-03-05 03:51:19,030][stagebridge.training.trainer][INFO] - Epoch 26/150 | train_loss=0.269151 | val_loss=0.297454
[2026-03-05 03:51:23,047][stagebridge.training.trainer][INFO] - Epoch 27/150 | train_loss=0.276502 | val_loss=0.319718
[2026-03-05 03:51:26,967][stagebridge.training.trainer][INFO] - Epoch 28/150 | train_loss=0.275339 | val_loss=0.287787
[2026-03-05 03:51:30,613][stagebridge.training.trainer][INFO] - Epoch 29/150 | train_loss=0.272849 | val_loss=0.300325
[2026-03-05 03:51:34,296][stagebridge.training.trainer][INFO] - Epoch 30/150 | train_loss=0.274358 | val_loss=0.313416
[2026-03-05 03:51:37,983][stagebridge.training.trainer][INFO] - Epoch 31/150 | train_loss=0.266171 | val_loss=0.322046
[2026-03-05 03:51:41,656][stagebridge.training.trainer][INFO] - Epoch 32/150 | train_loss=0.267246 | val_loss=0.298240
[2026-03-05 03:51:45,621][stagebridge.training.trainer][INFO] - Epoch 33/150 | train_loss=0.265004 | val_loss=0.322111
[2026-03-05 03:51:49,585][stagebridge.training.trainer][INFO] - Epoch 34/150 | train_loss=0.269266 | val_loss=0.336063
[2026-03-05 03:51:55,798][stagebridge.training.trainer][INFO] - Epoch 35/150 | train_loss=0.273445 | val_loss=0.305787
[2026-03-05 03:51:59,852][stagebridge.training.trainer][INFO] - Epoch 36/150 | train_loss=0.273570 | val_loss=0.321253
[2026-03-05 03:52:03,506][stagebridge.training.trainer][INFO] - Epoch 37/150 | train_loss=0.270011 | val_loss=0.309755
[2026-03-05 03:52:07,120][stagebridge.training.trainer][INFO] - Epoch 38/150 | train_loss=0.273963 | val_loss=0.316029
[2026-03-05 03:52:10,723][stagebridge.training.trainer][INFO] - Epoch 39/150 | train_loss=0.267078 | val_loss=0.295630
[2026-03-05 03:52:14,334][stagebridge.training.trainer][INFO] - Epoch 40/150 | train_loss=0.271831 | val_loss=0.291715
[2026-03-05 03:52:18,071][stagebridge.training.trainer][INFO] - Epoch 41/150 | train_loss=0.261300 | val_loss=0.306856
[2026-03-05 03:52:21,808][stagebridge.training.trainer][INFO] - Epoch 42/150 | train_loss=0.273966 | val_loss=0.310043
[2026-03-05 03:52:21,809][stagebridge.training.trainer][INFO] - Early stopping triggered after 20 epochs without improvement.
[2026-03-05 03:52:28,726][stagebridge.training.trainer][INFO] - Epoch 1/150 | train_loss=0.320875 | val_loss=0.281835
[2026-03-05 03:52:32,657][stagebridge.training.trainer][INFO] - Epoch 2/150 | train_loss=0.306837 | val_loss=0.284599
[2026-03-05 03:52:36,469][stagebridge.training.trainer][INFO] - Epoch 3/150 | train_loss=0.305412 | val_loss=0.290097
[2026-03-05 03:52:40,282][stagebridge.training.trainer][INFO] - Epoch 4/150 | train_loss=0.297608 | val_loss=0.312466
[2026-03-05 03:52:43,996][stagebridge.training.trainer][INFO] - Epoch 5/150 | train_loss=0.301741 | val_loss=0.318193
[2026-03-05 03:52:47,641][stagebridge.training.trainer][INFO] - Epoch 6/150 | train_loss=0.313901 | val_loss=0.278034
[2026-03-05 03:52:51,303][stagebridge.training.trainer][INFO] - Epoch 7/150 | train_loss=0.310240 | val_loss=0.291010
[2026-03-05 03:52:55,083][stagebridge.training.trainer][INFO] - Epoch 8/150 | train_loss=0.287893 | val_loss=0.281333
[2026-03-05 03:53:00,569][stagebridge.training.trainer][INFO] - Epoch 9/150 | train_loss=0.305632 | val_loss=0.289547
[2026-03-05 03:53:04,386][stagebridge.training.trainer][INFO] - Epoch 10/150 | train_loss=0.301941 | val_loss=0.275499
[2026-03-05 03:53:08,163][stagebridge.training.trainer][INFO] - Epoch 11/150 | train_loss=0.291079 | val_loss=0.265483
[2026-03-05 03:53:11,748][stagebridge.training.trainer][INFO] - Epoch 12/150 | train_loss=0.295008 | val_loss=0.286322
[2026-03-05 03:53:15,360][stagebridge.training.trainer][INFO] - Epoch 13/150 | train_loss=0.292874 | val_loss=0.281948
[2026-03-05 03:53:19,132][stagebridge.training.trainer][INFO] - Epoch 14/150 | train_loss=0.299457 | val_loss=0.288569
[2026-03-05 03:53:22,915][stagebridge.training.trainer][INFO] - Epoch 15/150 | train_loss=0.296204 | val_loss=0.295952
[2026-03-05 03:53:26,699][stagebridge.training.trainer][INFO] - Epoch 16/150 | train_loss=0.292453 | val_loss=0.284274
[2026-03-05 03:53:30,492][stagebridge.training.trainer][INFO] - Epoch 17/150 | train_loss=0.295490 | val_loss=0.282143
[2026-03-05 03:53:36,361][stagebridge.training.trainer][INFO] - Epoch 18/150 | train_loss=0.288893 | val_loss=0.270140
[2026-03-05 03:53:40,205][stagebridge.training.trainer][INFO] - Epoch 19/150 | train_loss=0.309915 | val_loss=0.297088
[2026-03-05 03:53:43,913][stagebridge.training.trainer][INFO] - Epoch 20/150 | train_loss=0.287223 | val_loss=0.291058
[2026-03-05 03:53:47,493][stagebridge.training.trainer][INFO] - Epoch 21/150 | train_loss=0.284573 | val_loss=0.301835
[2026-03-05 03:53:51,094][stagebridge.training.trainer][INFO] - Epoch 22/150 | train_loss=0.291378 | val_loss=0.274993
[2026-03-05 03:53:54,833][stagebridge.training.trainer][INFO] - Epoch 23/150 | train_loss=0.289156 | val_loss=0.320271
[2026-03-05 03:53:58,556][stagebridge.training.trainer][INFO] - Epoch 24/150 | train_loss=0.286264 | val_loss=0.285940
[2026-03-05 03:54:02,317][stagebridge.training.trainer][INFO] - Epoch 25/150 | train_loss=0.300409 | val_loss=0.275773
[2026-03-05 03:54:06,118][stagebridge.training.trainer][INFO] - Epoch 26/150 | train_loss=0.290867 | val_loss=0.293332
[2026-03-05 03:54:11,999][stagebridge.training.trainer][INFO] - Epoch 27/150 | train_loss=0.283400 | val_loss=0.287967
[2026-03-05 03:54:15,802][stagebridge.training.trainer][INFO] - Epoch 28/150 | train_loss=0.290384 | val_loss=0.282249
[2026-03-05 03:54:19,506][stagebridge.training.trainer][INFO] - Epoch 29/150 | train_loss=0.283732 | val_loss=0.287890
[2026-03-05 03:54:23,217][stagebridge.training.trainer][INFO] - Epoch 30/150 | train_loss=0.291580 | val_loss=0.266136
[2026-03-05 03:54:26,808][stagebridge.training.trainer][INFO] - Epoch 31/150 | train_loss=0.296497 | val_loss=0.284342
[2026-03-05 03:54:26,808][stagebridge.training.trainer][INFO] - Early stopping triggered after 20 epochs without improvement.
[2026-03-05 03:54:34,892][stagebridge.training.trainer][INFO] - Epoch 1/150 | train_loss=0.300879 | val_loss=0.308895
[2026-03-05 03:54:39,874][stagebridge.training.trainer][INFO] - Epoch 2/150 | train_loss=0.293923 | val_loss=0.371136
[2026-03-05 03:54:46,922][stagebridge.training.trainer][INFO] - Epoch 3/150 | train_loss=0.287850 | val_loss=0.316365
[2026-03-05 03:54:51,909][stagebridge.training.trainer][INFO] - Epoch 4/150 | train_loss=0.282496 | val_loss=0.348123
[2026-03-05 03:54:56,827][stagebridge.training.trainer][INFO] - Epoch 5/150 | train_loss=0.283024 | val_loss=0.373899
[2026-03-05 03:55:01,575][stagebridge.training.trainer][INFO] - Epoch 6/150 | train_loss=0.276256 | val_loss=0.336808
[2026-03-05 03:55:06,500][stagebridge.training.trainer][INFO] - Epoch 7/150 | train_loss=0.271682 | val_loss=0.332278
[2026-03-05 03:55:11,475][stagebridge.training.trainer][INFO] - Epoch 8/150 | train_loss=0.273389 | val_loss=0.301865
[2026-03-05 03:55:18,511][stagebridge.training.trainer][INFO] - Epoch 9/150 | train_loss=0.268669 | val_loss=0.345701
[2026-03-05 03:55:23,609][stagebridge.training.trainer][INFO] - Epoch 10/150 | train_loss=0.263207 | val_loss=0.345923
[2026-03-05 03:55:28,487][stagebridge.training.trainer][INFO] - Epoch 11/150 | train_loss=0.268711 | val_loss=0.333685
[2026-03-05 03:55:33,316][stagebridge.training.trainer][INFO] - Epoch 12/150 | train_loss=0.271106 | val_loss=0.360861
[2026-03-05 03:55:38,073][stagebridge.training.trainer][INFO] - Epoch 13/150 | train_loss=0.264123 | val_loss=0.355460
[2026-03-05 03:55:43,118][stagebridge.training.trainer][INFO] - Epoch 14/150 | train_loss=0.271939 | val_loss=0.317216
[2026-03-05 03:55:48,177][stagebridge.training.trainer][INFO] - Epoch 15/150 | train_loss=0.266072 | val_loss=0.342268
[2026-03-05 03:55:55,338][stagebridge.training.trainer][INFO] - Epoch 16/150 | train_loss=0.262822 | val_loss=0.381075
[2026-03-05 03:56:00,381][stagebridge.training.trainer][INFO] - Epoch 17/150 | train_loss=0.257586 | val_loss=0.383705
[2026-03-05 03:56:05,272][stagebridge.training.trainer][INFO] - Epoch 18/150 | train_loss=0.260103 | val_loss=0.312782
[2026-03-05 03:56:10,100][stagebridge.training.trainer][INFO] - Epoch 19/150 | train_loss=0.262465 | val_loss=0.360717
[2026-03-05 03:56:15,068][stagebridge.training.trainer][INFO] - Epoch 20/150 | train_loss=0.264045 | val_loss=0.349728
[2026-03-05 03:56:20,141][stagebridge.training.trainer][INFO] - Epoch 21/150 | train_loss=0.267572 | val_loss=0.323518
[2026-03-05 03:56:27,352][stagebridge.training.trainer][INFO] - Epoch 22/150 | train_loss=0.258556 | val_loss=0.339296
[2026-03-05 03:56:32,379][stagebridge.training.trainer][INFO] - Epoch 23/150 | train_loss=0.264746 | val_loss=0.335061
[2026-03-05 03:56:37,217][stagebridge.training.trainer][INFO] - Epoch 24/150 | train_loss=0.250299 | val_loss=0.321409
[2026-03-05 03:56:42,296][stagebridge.training.trainer][INFO] - Epoch 25/150 | train_loss=0.252253 | val_loss=0.315110
[2026-03-05 03:56:47,433][stagebridge.training.trainer][INFO] - Epoch 26/150 | train_loss=0.253906 | val_loss=0.320403
[2026-03-05 03:56:52,541][stagebridge.training.trainer][INFO] - Epoch 27/150 | train_loss=0.259313 | val_loss=0.292771
[2026-03-05 03:56:59,615][stagebridge.training.trainer][INFO] - Epoch 28/150 | train_loss=0.255856 | val_loss=0.371201
[2026-03-05 03:57:04,840][stagebridge.training.trainer][INFO] - Epoch 29/150 | train_loss=0.251622 | val_loss=0.326319
[2026-03-05 03:57:09,901][stagebridge.training.trainer][INFO] - Epoch 30/150 | train_loss=0.248455 | val_loss=0.340690
[2026-03-05 03:57:14,900][stagebridge.training.trainer][INFO] - Epoch 31/150 | train_loss=0.242990 | val_loss=0.317599
[2026-03-05 03:57:19,734][stagebridge.training.trainer][INFO] - Epoch 32/150 | train_loss=0.245983 | val_loss=0.304637
[2026-03-05 03:57:24,799][stagebridge.training.trainer][INFO] - Epoch 33/150 | train_loss=0.248909 | val_loss=0.308112
[2026-03-05 03:57:29,898][stagebridge.training.trainer][INFO] - Epoch 34/150 | train_loss=0.247809 | val_loss=0.318756
[2026-03-05 03:57:37,078][stagebridge.training.trainer][INFO] - Epoch 35/150 | train_loss=0.253057 | val_loss=0.318096
[2026-03-05 03:57:42,026][stagebridge.training.trainer][INFO] - Epoch 36/150 | train_loss=0.249256 | val_loss=0.335192
[2026-03-05 03:57:46,845][stagebridge.training.trainer][INFO] - Epoch 37/150 | train_loss=0.248166 | val_loss=0.349538
[2026-03-05 03:57:51,838][stagebridge.training.trainer][INFO] - Epoch 38/150 | train_loss=0.245193 | val_loss=0.357796
[2026-03-05 03:57:56,842][stagebridge.training.trainer][INFO] - Epoch 39/150 | train_loss=0.242764 | val_loss=0.341230
[2026-03-05 03:58:01,880][stagebridge.training.trainer][INFO] - Epoch 40/150 | train_loss=0.246007 | val_loss=0.336018
[2026-03-05 03:58:08,907][stagebridge.training.trainer][INFO] - Epoch 41/150 | train_loss=0.241705 | val_loss=0.359956
[2026-03-05 03:58:13,967][stagebridge.training.trainer][INFO] - Epoch 42/150 | train_loss=0.241302 | val_loss=0.330559
[2026-03-05 03:58:18,809][stagebridge.training.trainer][INFO] - Epoch 43/150 | train_loss=0.239470 | val_loss=0.329110
[2026-03-05 03:58:23,632][stagebridge.training.trainer][INFO] - Epoch 44/150 | train_loss=0.243062 | val_loss=0.382673
[2026-03-05 03:58:28,493][stagebridge.training.trainer][INFO] - Epoch 45/150 | train_loss=0.245057 | val_loss=0.328994
[2026-03-05 03:58:33,584][stagebridge.training.trainer][INFO] - Epoch 46/150 | train_loss=0.241190 | val_loss=0.343641
[2026-03-05 03:58:38,713][stagebridge.training.trainer][INFO] - Epoch 47/150 | train_loss=0.247577 | val_loss=0.345840
[2026-03-05 03:58:38,714][stagebridge.training.trainer][INFO] - Early stopping triggered after 20 epochs without improvement.
[2026-03-05 03:58:39,434][stagebridge.viz.embeddings][INFO] - UMAP with trajectories written: outputs/hca_poster/figures/hca_poster_stagebridge_sb_umap_pushforward.png
[2026-03-05 03:58:39,444][choreographer.browsers.chromium][INFO] - Chromium init'ed with kwargs {}
[2026-03-05 03:58:47,777][stagebridge.training.trainer][INFO] - Epoch 1/150 | train_loss=0.292317 | val_loss=0.311220
[2026-03-05 03:58:52,542][stagebridge.training.trainer][INFO] - Epoch 2/150 | train_loss=0.275187 | val_loss=0.295922
[2026-03-05 03:58:57,339][stagebridge.training.trainer][INFO] - Epoch 3/150 | train_loss=0.278141 | val_loss=0.298631
[2026-03-05 03:59:02,219][stagebridge.training.trainer][INFO] - Epoch 4/150 | train_loss=0.279516 | val_loss=0.316365
[2026-03-05 03:59:07,371][stagebridge.training.trainer][INFO] - Epoch 5/150 | train_loss=0.274775 | val_loss=0.333923
[2026-03-05 03:59:12,453][stagebridge.training.trainer][INFO] - Epoch 6/150 | train_loss=0.273314 | val_loss=0.334135
[2026-03-05 03:59:19,466][stagebridge.training.trainer][INFO] - Epoch 7/150 | train_loss=0.267713 | val_loss=0.316637
[2026-03-05 03:59:24,492][stagebridge.training.trainer][INFO] - Epoch 8/150 | train_loss=0.274283 | val_loss=0.339825
[2026-03-05 03:59:29,512][stagebridge.training.trainer][INFO] - Epoch 9/150 | train_loss=0.265710 | val_loss=0.323113
[2026-03-05 03:59:34,556][stagebridge.training.trainer][INFO] - Epoch 10/150 | train_loss=0.264872 | val_loss=0.299426
[2026-03-05 03:59:39,596][stagebridge.training.trainer][INFO] - Epoch 11/150 | train_loss=0.257105 | val_loss=0.328135
[2026-03-05 03:59:44,628][stagebridge.training.trainer][INFO] - Epoch 12/150 | train_loss=0.268595 | val_loss=0.318138
[2026-03-05 03:59:51,234][stagebridge.training.trainer][INFO] - Epoch 13/150 | train_loss=0.267327 | val_loss=0.317975
[2026-03-05 03:59:56,273][stagebridge.training.trainer][INFO] - Epoch 14/150 | train_loss=0.264195 | val_loss=0.358315
[2026-03-05 04:00:01,308][stagebridge.training.trainer][INFO] - Epoch 15/150 | train_loss=0.275150 | val_loss=0.321515
[2026-03-05 04:00:06,367][stagebridge.training.trainer][INFO] - Epoch 16/150 | train_loss=0.264440 | val_loss=0.339123
[2026-03-05 04:00:11,384][stagebridge.training.trainer][INFO] - Epoch 17/150 | train_loss=0.261409 | val_loss=0.307591
[2026-03-05 04:00:16,406][stagebridge.training.trainer][INFO] - Epoch 18/150 | train_loss=0.262418 | val_loss=0.317907
[2026-03-05 04:00:21,439][stagebridge.training.trainer][INFO] - Epoch 19/150 | train_loss=0.271599 | val_loss=0.328269
[2026-03-05 04:00:28,116][stagebridge.training.trainer][INFO] - Epoch 20/150 | train_loss=0.270991 | val_loss=0.327648
[2026-03-05 04:00:33,088][stagebridge.training.trainer][INFO] - Epoch 21/150 | train_loss=0.259026 | val_loss=0.334460
[2026-03-05 04:00:38,102][stagebridge.training.trainer][INFO] - Epoch 22/150 | train_loss=0.262400 | val_loss=0.345657
[2026-03-05 04:00:38,103][stagebridge.training.trainer][INFO] - Early stopping triggered after 20 epochs without improvement.
[2026-03-05 04:00:44,050][stagebridge.training.trainer][INFO] - Epoch 1/150 | train_loss=0.301848 | val_loss=0.328131
[2026-03-05 04:00:49,132][stagebridge.training.trainer][INFO] - Epoch 2/150 | train_loss=0.294745 | val_loss=0.300090
[2026-03-05 04:00:54,233][stagebridge.training.trainer][INFO] - Epoch 3/150 | train_loss=0.277214 | val_loss=0.295856
[2026-03-05 04:01:01,058][stagebridge.training.trainer][INFO] - Epoch 4/150 | train_loss=0.278768 | val_loss=0.273279
[2026-03-05 04:01:06,169][stagebridge.training.trainer][INFO] - Epoch 5/150 | train_loss=0.280970 | val_loss=0.277936
[2026-03-05 04:01:11,286][stagebridge.training.trainer][INFO] - Epoch 6/150 | train_loss=0.283913 | val_loss=0.296851
[2026-03-05 04:01:16,363][stagebridge.training.trainer][INFO] - Epoch 7/150 | train_loss=0.280975 | val_loss=0.274079
[2026-03-05 04:01:21,443][stagebridge.training.trainer][INFO] - Epoch 8/150 | train_loss=0.271630 | val_loss=0.298801
[2026-03-05 04:01:26,556][stagebridge.training.trainer][INFO] - Epoch 9/150 | train_loss=0.273657 | val_loss=0.293418
[2026-03-05 04:01:33,313][stagebridge.training.trainer][INFO] - Epoch 10/150 | train_loss=0.281546 | val_loss=0.286406
[2026-03-05 04:01:39,394][stagebridge.training.trainer][INFO] - Epoch 11/150 | train_loss=0.283602 | val_loss=0.311607
[2026-03-05 04:01:46,802][stagebridge.training.trainer][INFO] - Epoch 12/150 | train_loss=0.277965 | val_loss=0.302450
[2026-03-05 04:01:53,188][stagebridge.training.trainer][INFO] - Epoch 13/150 | train_loss=0.270294 | val_loss=0.287209
[2026-03-05 04:01:58,243][stagebridge.training.trainer][INFO] - Epoch 14/150 | train_loss=0.264091 | val_loss=0.280308
[2026-03-05 04:02:03,269][stagebridge.training.trainer][INFO] - Epoch 15/150 | train_loss=0.273331 | val_loss=0.304206
[2026-03-05 04:02:09,984][stagebridge.training.trainer][INFO] - Epoch 16/150 | train_loss=0.267336 | val_loss=0.305877
[2026-03-05 04:02:15,016][stagebridge.training.trainer][INFO] - Epoch 17/150 | train_loss=0.274534 | val_loss=0.299594
[2026-03-05 04:02:20,063][stagebridge.training.trainer][INFO] - Epoch 18/150 | train_loss=0.265883 | val_loss=0.291807
[2026-03-05 04:02:25,090][stagebridge.training.trainer][INFO] - Epoch 19/150 | train_loss=0.271779 | val_loss=0.282227
[2026-03-05 04:02:30,129][stagebridge.training.trainer][INFO] - Epoch 20/150 | train_loss=0.267027 | val_loss=0.319379
[2026-03-05 04:02:35,165][stagebridge.training.trainer][INFO] - Epoch 21/150 | train_loss=0.259905 | val_loss=0.284452
[2026-03-05 04:02:41,966][stagebridge.training.trainer][INFO] - Epoch 22/150 | train_loss=0.272696 | val_loss=0.303270
[2026-03-05 04:02:47,050][stagebridge.training.trainer][INFO] - Epoch 23/150 | train_loss=0.260750 | val_loss=0.297705
[2026-03-05 04:02:52,137][stagebridge.training.trainer][INFO] - Epoch 24/150 | train_loss=0.260339 | val_loss=0.272772
[2026-03-05 04:02:57,213][stagebridge.training.trainer][INFO] - Epoch 25/150 | train_loss=0.278850 | val_loss=0.318942
[2026-03-05 04:03:02,251][stagebridge.training.trainer][INFO] - Epoch 26/150 | train_loss=0.277070 | val_loss=0.304825
[2026-03-05 04:03:07,286][stagebridge.training.trainer][INFO] - Epoch 27/150 | train_loss=0.268942 | val_loss=0.300486
[2026-03-05 04:03:12,340][stagebridge.training.trainer][INFO] - Epoch 28/150 | train_loss=0.264985 | val_loss=0.315658
[2026-03-05 04:03:17,432][stagebridge.training.trainer][INFO] - Epoch 29/150 | train_loss=0.274619 | val_loss=0.305336
[2026-03-05 04:03:22,535][stagebridge.training.trainer][INFO] - Epoch 30/150 | train_loss=0.260118 | val_loss=0.303961
[2026-03-05 04:03:27,666][stagebridge.training.trainer][INFO] - Epoch 31/150 | train_loss=0.263531 | val_loss=0.299373
[2026-03-05 04:03:32,727][stagebridge.training.trainer][INFO] - Epoch 32/150 | train_loss=0.265639 | val_loss=0.309527
[2026-03-05 04:03:37,867][stagebridge.training.trainer][INFO] - Epoch 33/150 | train_loss=0.258925 | val_loss=0.303841
[2026-03-05 04:03:42,958][stagebridge.training.trainer][INFO] - Epoch 34/150 | train_loss=0.265903 | val_loss=0.304650
[2026-03-05 04:03:48,105][stagebridge.training.trainer][INFO] - Epoch 35/150 | train_loss=0.263871 | val_loss=0.277210
[2026-03-05 04:03:53,232][stagebridge.training.trainer][INFO] - Epoch 36/150 | train_loss=0.256886 | val_loss=0.295886
[2026-03-05 04:04:02,495][stagebridge.training.trainer][INFO] - Epoch 37/150 | train_loss=0.257170 | val_loss=0.293897
[2026-03-05 04:04:07,558][stagebridge.training.trainer][INFO] - Epoch 38/150 | train_loss=0.271314 | val_loss=0.298184
[2026-03-05 04:04:12,641][stagebridge.training.trainer][INFO] - Epoch 39/150 | train_loss=0.255745 | val_loss=0.296618
[2026-03-05 04:04:17,659][stagebridge.training.trainer][INFO] - Epoch 40/150 | train_loss=0.257070 | val_loss=0.313551
[2026-03-05 04:04:22,682][stagebridge.training.trainer][INFO] - Epoch 41/150 | train_loss=0.256015 | val_loss=0.316549
[2026-03-05 04:04:27,698][stagebridge.training.trainer][INFO] - Epoch 42/150 | train_loss=0.250401 | val_loss=0.304881
[2026-03-05 04:04:32,777][stagebridge.training.trainer][INFO] - Epoch 43/150 | train_loss=0.254672 | val_loss=0.304181
[2026-03-05 04:04:39,515][stagebridge.training.trainer][INFO] - Epoch 44/150 | train_loss=0.257515 | val_loss=0.338607
[2026-03-05 04:04:39,515][stagebridge.training.trainer][INFO] - Early stopping triggered after 20 epochs without improvement.
[2026-03-05 04:04:45,675][stagebridge.training.trainer][INFO] - Epoch 1/150 | train_loss=0.331342 | val_loss=0.313098
[2026-03-05 04:04:50,708][stagebridge.training.trainer][INFO] - Epoch 2/150 | train_loss=0.308276 | val_loss=0.337164
[2026-03-05 04:04:55,737][stagebridge.training.trainer][INFO] - Epoch 3/150 | train_loss=0.288046 | val_loss=0.330591
[2026-03-05 04:05:00,781][stagebridge.training.trainer][INFO] - Epoch 4/150 | train_loss=0.294356 | val_loss=0.337278
[2026-03-05 04:05:05,840][stagebridge.training.trainer][INFO] - Epoch 5/150 | train_loss=0.286244 | val_loss=0.318163
[2026-03-05 04:05:12,596][stagebridge.training.trainer][INFO] - Epoch 6/150 | train_loss=0.283764 | val_loss=0.362828
[2026-03-05 04:05:17,672][stagebridge.training.trainer][INFO] - Epoch 7/150 | train_loss=0.285338 | val_loss=0.307196
[2026-03-05 04:05:22,772][stagebridge.training.trainer][INFO] - Epoch 8/150 | train_loss=0.279634 | val_loss=0.334269
[2026-03-05 04:05:27,852][stagebridge.training.trainer][INFO] - Epoch 9/150 | train_loss=0.269499 | val_loss=0.328663
[2026-03-05 04:05:32,895][stagebridge.training.trainer][INFO] - Epoch 10/150 | train_loss=0.279045 | val_loss=0.355972
[2026-03-05 04:05:37,929][stagebridge.training.trainer][INFO] - Epoch 11/150 | train_loss=0.279386 | val_loss=0.294328
[2026-03-05 04:05:44,679][stagebridge.training.trainer][INFO] - Epoch 12/150 | train_loss=0.272225 | val_loss=0.368857
[2026-03-05 04:05:49,786][stagebridge.training.trainer][INFO] - Epoch 13/150 | train_loss=0.281640 | val_loss=0.328323
[2026-03-05 04:05:54,904][stagebridge.training.trainer][INFO] - Epoch 14/150 | train_loss=0.272653 | val_loss=0.326927
[2026-03-05 04:05:59,977][stagebridge.training.trainer][INFO] - Epoch 15/150 | train_loss=0.265681 | val_loss=0.322141
[2026-03-05 04:06:05,000][stagebridge.training.trainer][INFO] - Epoch 16/150 | train_loss=0.263902 | val_loss=0.328266
[2026-03-05 04:06:10,199][stagebridge.training.trainer][INFO] - Epoch 17/150 | train_loss=0.266334 | val_loss=0.314019
[2026-03-05 04:06:15,471][stagebridge.training.trainer][INFO] - Epoch 18/150 | train_loss=0.265993 | val_loss=0.350789
[2026-03-05 04:06:22,578][stagebridge.training.trainer][INFO] - Epoch 19/150 | train_loss=0.260381 | val_loss=0.364796
[2026-03-05 04:06:27,673][stagebridge.training.trainer][INFO] - Epoch 20/150 | train_loss=0.262537 | val_loss=0.358347
[2026-03-05 04:06:32,711][stagebridge.training.trainer][INFO] - Epoch 21/150 | train_loss=0.267142 | val_loss=0.349297
[2026-03-05 04:06:37,627][stagebridge.training.trainer][INFO] - Epoch 22/150 | train_loss=0.261677 | val_loss=0.350889
[2026-03-05 04:06:42,793][stagebridge.training.trainer][INFO] - Epoch 23/150 | train_loss=0.261767 | val_loss=0.329398
[2026-03-05 04:06:47,899][stagebridge.training.trainer][INFO] - Epoch 24/150 | train_loss=0.261714 | val_loss=0.364321
[2026-03-05 04:06:54,912][stagebridge.training.trainer][INFO] - Epoch 25/150 | train_loss=0.262321 | val_loss=0.348488
[2026-03-05 04:07:00,351][stagebridge.training.trainer][INFO] - Epoch 26/150 | train_loss=0.268441 | val_loss=0.297265
[2026-03-05 04:07:05,498][stagebridge.training.trainer][INFO] - Epoch 27/150 | train_loss=0.256158 | val_loss=0.339510
[2026-03-05 04:07:10,544][stagebridge.training.trainer][INFO] - Epoch 28/150 | train_loss=0.246001 | val_loss=0.323217
[2026-03-05 04:07:15,672][stagebridge.training.trainer][INFO] - Epoch 29/150 | train_loss=0.260481 | val_loss=0.336059
[2026-03-05 04:07:20,698][stagebridge.training.trainer][INFO] - Epoch 30/150 | train_loss=0.253515 | val_loss=0.332564
[2026-03-05 04:07:27,529][stagebridge.training.trainer][INFO] - Epoch 31/150 | train_loss=0.251858 | val_loss=0.317417
[2026-03-05 04:07:27,529][stagebridge.training.trainer][INFO] - Early stopping triggered after 20 epochs without improvement.
[2026-03-05 04:07:28,198][stagebridge.viz.embeddings][INFO] - UMAP with trajectories written: outputs/hca_poster/figures/hca_poster_stagebridge_xattn_sb_umap_pushforward.png
[2026-03-05 04:07:28,210][choreographer.browsers.chromium][INFO] - Chromium init'ed with kwargs {}
[2026-03-05 04:07:34,581][stagebridge.training.trainer][INFO] - Epoch 1/150 | train_loss=0.325680 | val_loss=0.347084
[2026-03-05 04:07:41,597][stagebridge.training.trainer][INFO] - Epoch 2/150 | train_loss=0.292904 | val_loss=0.319782
[2026-03-05 04:07:48,884][stagebridge.training.trainer][INFO] - Epoch 3/150 | train_loss=0.292394 | val_loss=0.319885
[2026-03-05 04:07:56,172][stagebridge.training.trainer][INFO] - Epoch 4/150 | train_loss=0.288281 | val_loss=0.314502
[2026-03-05 04:08:03,917][stagebridge.training.trainer][INFO] - Epoch 5/150 | train_loss=0.279343 | val_loss=0.293141
[2026-03-05 04:08:09,077][stagebridge.training.trainer][INFO] - Epoch 6/150 | train_loss=0.281332 | val_loss=0.327137
[2026-03-05 04:08:14,185][stagebridge.training.trainer][INFO] - Epoch 7/150 | train_loss=0.273881 | val_loss=0.347599
[2026-03-05 04:08:19,203][stagebridge.training.trainer][INFO] - Epoch 8/150 | train_loss=0.272051 | val_loss=0.331548
[2026-03-05 04:08:24,264][stagebridge.training.trainer][INFO] - Epoch 9/150 | train_loss=0.275453 | val_loss=0.327037
[2026-03-05 04:08:29,398][stagebridge.training.trainer][INFO] - Epoch 10/150 | train_loss=0.281241 | val_loss=0.329996
[2026-03-05 04:08:36,351][stagebridge.training.trainer][INFO] - Epoch 11/150 | train_loss=0.278760 | val_loss=0.350401
[2026-03-05 04:08:41,513][stagebridge.training.trainer][INFO] - Epoch 12/150 | train_loss=0.278707 | val_loss=0.297982
[2026-03-05 04:08:46,673][stagebridge.training.trainer][INFO] - Epoch 13/150 | train_loss=0.273292 | val_loss=0.312759
[2026-03-05 04:08:51,713][stagebridge.training.trainer][INFO] - Epoch 14/150 | train_loss=0.284520 | val_loss=0.340116
[2026-03-05 04:08:56,803][stagebridge.training.trainer][INFO] - Epoch 15/150 | train_loss=0.268664 | val_loss=0.329428
[2026-03-05 04:09:01,947][stagebridge.training.trainer][INFO] - Epoch 16/150 | train_loss=0.267131 | val_loss=0.336041
[2026-03-05 04:09:08,876][stagebridge.training.trainer][INFO] - Epoch 17/150 | train_loss=0.274898 | val_loss=0.331053
[2026-03-05 04:09:14,048][stagebridge.training.trainer][INFO] - Epoch 18/150 | train_loss=0.270043 | val_loss=0.344592
[2026-03-05 04:09:19,199][stagebridge.training.trainer][INFO] - Epoch 19/150 | train_loss=0.272995 | val_loss=0.332108
[2026-03-05 04:09:24,296][stagebridge.training.trainer][INFO] - Epoch 20/150 | train_loss=0.269799 | val_loss=0.334664
[2026-03-05 04:09:29,425][stagebridge.training.trainer][INFO] - Epoch 21/150 | train_loss=0.268907 | val_loss=0.305966
[2026-03-05 04:09:34,566][stagebridge.training.trainer][INFO] - Epoch 22/150 | train_loss=0.268422 | val_loss=0.329591
[2026-03-05 04:09:39,757][stagebridge.training.trainer][INFO] - Epoch 23/150 | train_loss=0.270704 | val_loss=0.339357
[2026-03-05 04:09:46,683][stagebridge.training.trainer][INFO] - Epoch 24/150 | train_loss=0.273214 | val_loss=0.359146
[2026-03-05 04:09:51,843][stagebridge.training.trainer][INFO] - Epoch 25/150 | train_loss=0.268838 | val_loss=0.341860
[2026-03-05 04:09:51,843][stagebridge.training.trainer][INFO] - Early stopping triggered after 20 epochs without improvement.
[2026-03-05 04:09:57,681][stagebridge.training.trainer][INFO] - Epoch 1/150 | train_loss=0.347389 | val_loss=0.294914
[2026-03-05 04:10:02,747][stagebridge.training.trainer][INFO] - Epoch 2/150 | train_loss=0.324248 | val_loss=0.309341
[2026-03-05 04:10:07,794][stagebridge.training.trainer][INFO] - Epoch 3/150 | train_loss=0.300413 | val_loss=0.332517
[2026-03-05 04:10:12,890][stagebridge.training.trainer][INFO] - Epoch 4/150 | train_loss=0.295815 | val_loss=0.322777
[2026-03-05 04:10:19,926][stagebridge.training.trainer][INFO] - Epoch 5/150 | train_loss=0.299090 | val_loss=0.306506
[2026-03-05 04:10:25,101][stagebridge.training.trainer][INFO] - Epoch 6/150 | train_loss=0.287506 | val_loss=0.296221
[2026-03-05 04:10:30,214][stagebridge.training.trainer][INFO] - Epoch 7/150 | train_loss=0.292953 | val_loss=0.299515
[2026-03-05 04:10:35,287][stagebridge.training.trainer][INFO] - Epoch 8/150 | train_loss=0.266959 | val_loss=0.299880
[2026-03-05 04:10:40,319][stagebridge.training.trainer][INFO] - Epoch 9/150 | train_loss=0.281297 | val_loss=0.316424
[2026-03-05 04:10:45,400][stagebridge.training.trainer][INFO] - Epoch 10/150 | train_loss=0.283128 | val_loss=0.319022
[2026-03-05 04:10:52,290][stagebridge.training.trainer][INFO] - Epoch 11/150 | train_loss=0.277454 | val_loss=0.284787
[2026-03-05 04:10:57,432][stagebridge.training.trainer][INFO] - Epoch 12/150 | train_loss=0.287101 | val_loss=0.288854
[2026-03-05 04:11:02,506][stagebridge.training.trainer][INFO] - Epoch 13/150 | train_loss=0.270764 | val_loss=0.321344
[2026-03-05 04:11:07,494][stagebridge.training.trainer][INFO] - Epoch 14/150 | train_loss=0.287216 | val_loss=0.311067
[2026-03-05 04:11:12,543][stagebridge.training.trainer][INFO] - Epoch 15/150 | train_loss=0.276614 | val_loss=0.284085
[2026-03-05 04:11:17,638][stagebridge.training.trainer][INFO] - Epoch 16/150 | train_loss=0.270100 | val_loss=0.312678
[2026-03-05 04:11:24,536][stagebridge.training.trainer][INFO] - Epoch 17/150 | train_loss=0.277475 | val_loss=0.314395
[2026-03-05 04:11:29,634][stagebridge.training.trainer][INFO] - Epoch 18/150 | train_loss=0.280139 | val_loss=0.289964
[2026-03-05 04:11:34,695][stagebridge.training.trainer][INFO] - Epoch 19/150 | train_loss=0.275081 | val_loss=0.308913
[2026-03-05 04:11:39,771][stagebridge.training.trainer][INFO] - Epoch 20/150 | train_loss=0.277635 | val_loss=0.329026
[2026-03-05 04:11:44,872][stagebridge.training.trainer][INFO] - Epoch 21/150 | train_loss=0.268570 | val_loss=0.302605
[2026-03-05 04:11:50,031][stagebridge.training.trainer][INFO] - Epoch 22/150 | train_loss=0.271123 | val_loss=0.297771
[2026-03-05 04:11:55,191][stagebridge.training.trainer][INFO] - Epoch 23/150 | train_loss=0.267666 | val_loss=0.291386
[2026-03-05 04:12:02,203][stagebridge.training.trainer][INFO] - Epoch 24/150 | train_loss=0.276608 | val_loss=0.291698
[2026-03-05 04:12:07,345][stagebridge.training.trainer][INFO] - Epoch 25/150 | train_loss=0.274686 | val_loss=0.310760
[2026-03-05 04:12:12,433][stagebridge.training.trainer][INFO] - Epoch 26/150 | train_loss=0.272955 | val_loss=0.315696
[2026-03-05 04:12:17,504][stagebridge.training.trainer][INFO] - Epoch 27/150 | train_loss=0.263236 | val_loss=0.313563
[2026-03-05 04:12:22,651][stagebridge.training.trainer][INFO] - Epoch 28/150 | train_loss=0.276736 | val_loss=0.286580
[2026-03-05 04:12:27,781][stagebridge.training.trainer][INFO] - Epoch 29/150 | train_loss=0.265676 | val_loss=0.304462
[2026-03-05 04:12:34,741][stagebridge.training.trainer][INFO] - Epoch 30/150 | train_loss=0.271760 | val_loss=0.323743
[2026-03-05 04:12:39,721][stagebridge.training.trainer][INFO] - Epoch 31/150 | train_loss=0.271978 | val_loss=0.311541
[2026-03-05 04:12:44,730][stagebridge.training.trainer][INFO] - Epoch 32/150 | train_loss=0.270374 | val_loss=0.284453
[2026-03-05 04:12:49,775][stagebridge.training.trainer][INFO] - Epoch 33/150 | train_loss=0.270680 | val_loss=0.289106
[2026-03-05 04:12:54,805][stagebridge.training.trainer][INFO] - Epoch 34/150 | train_loss=0.276207 | val_loss=0.310751
[2026-03-05 04:12:59,850][stagebridge.training.trainer][INFO] - Epoch 35/150 | train_loss=0.265183 | val_loss=0.290392
[2026-03-05 04:12:59,850][stagebridge.training.trainer][INFO] - Early stopping triggered after 20 epochs without improvement.
[2026-03-05 04:13:02,299][stagebridge.training.trainer][INFO] - Epoch 1/150 | train_loss=0.940479 | val_loss=0.938854
[2026-03-05 04:13:03,740][stagebridge.training.trainer][INFO] - Epoch 2/150 | train_loss=0.931354 | val_loss=0.951310
[2026-03-05 04:13:06,976][stagebridge.training.trainer][INFO] - Epoch 3/150 | train_loss=0.932522 | val_loss=0.917108
[2026-03-05 04:13:08,429][stagebridge.training.trainer][INFO] - Epoch 4/150 | train_loss=0.922756 | val_loss=0.969481
[2026-03-05 04:13:09,880][stagebridge.training.trainer][INFO] - Epoch 5/150 | train_loss=0.924892 | val_loss=0.933498
[2026-03-05 04:13:11,325][stagebridge.training.trainer][INFO] - Epoch 6/150 | train_loss=0.917437 | val_loss=0.945617
[2026-03-05 04:13:12,762][stagebridge.training.trainer][INFO] - Epoch 7/150 | train_loss=0.906832 | val_loss=0.954113
[2026-03-05 04:13:14,186][stagebridge.training.trainer][INFO] - Epoch 8/150 | train_loss=0.904778 | val_loss=0.925147
[2026-03-05 04:13:15,615][stagebridge.training.trainer][INFO] - Epoch 9/150 | train_loss=0.878211 | val_loss=0.928217
[2026-03-05 04:13:17,044][stagebridge.training.trainer][INFO] - Epoch 10/150 | train_loss=0.858142 | val_loss=0.925091
[2026-03-05 04:13:18,452][stagebridge.training.trainer][INFO] - Epoch 11/150 | train_loss=0.834158 | val_loss=0.859935
[2026-03-05 04:13:19,873][stagebridge.training.trainer][INFO] - Epoch 12/150 | train_loss=0.816678 | val_loss=0.848995
[2026-03-05 04:13:21,312][stagebridge.training.trainer][INFO] - Epoch 13/150 | train_loss=0.807401 | val_loss=0.843357
[2026-03-05 04:13:22,735][stagebridge.training.trainer][INFO] - Epoch 14/150 | train_loss=0.789066 | val_loss=0.828873
[2026-03-05 04:13:24,165][stagebridge.training.trainer][INFO] - Epoch 15/150 | train_loss=0.782025 | val_loss=0.839766
[2026-03-05 04:13:25,587][stagebridge.training.trainer][INFO] - Epoch 16/150 | train_loss=0.773945 | val_loss=0.814146
[2026-03-05 04:13:27,019][stagebridge.training.trainer][INFO] - Epoch 17/150 | train_loss=0.756730 | val_loss=0.830208
[2026-03-05 04:13:28,432][stagebridge.training.trainer][INFO] - Epoch 18/150 | train_loss=0.757911 | val_loss=0.799484
[2026-03-05 04:13:29,856][stagebridge.training.trainer][INFO] - Epoch 19/150 | train_loss=0.742954 | val_loss=0.826809
[2026-03-05 04:13:31,266][stagebridge.training.trainer][INFO] - Epoch 20/150 | train_loss=0.742097 | val_loss=0.772306
[2026-03-05 04:13:32,691][stagebridge.training.trainer][INFO] - Epoch 21/150 | train_loss=0.740901 | val_loss=0.800280
[2026-03-05 04:13:34,123][stagebridge.training.trainer][INFO] - Epoch 22/150 | train_loss=0.729644 | val_loss=0.804748
[2026-03-05 04:13:35,543][stagebridge.training.trainer][INFO] - Epoch 23/150 | train_loss=0.723184 | val_loss=0.773386
[2026-03-05 04:13:36,972][stagebridge.training.trainer][INFO] - Epoch 24/150 | train_loss=0.716080 | val_loss=0.757155
[2026-03-05 04:13:38,418][stagebridge.training.trainer][INFO] - Epoch 25/150 | train_loss=0.718739 | val_loss=0.756995
[2026-03-05 04:13:41,659][stagebridge.training.trainer][INFO] - Epoch 26/150 | train_loss=0.712476 | val_loss=0.752868
[2026-03-05 04:13:43,104][stagebridge.training.trainer][INFO] - Epoch 27/150 | train_loss=0.703277 | val_loss=0.740534
[2026-03-05 04:13:45,033][stagebridge.training.trainer][INFO] - Epoch 28/150 | train_loss=0.699553 | val_loss=0.750654
[2026-03-05 04:13:47,211][stagebridge.training.trainer][INFO] - Epoch 29/150 | train_loss=0.689254 | val_loss=0.754157
[2026-03-05 04:13:49,272][stagebridge.training.trainer][INFO] - Epoch 30/150 | train_loss=0.696944 | val_loss=0.736752
[2026-03-05 04:13:51,369][stagebridge.training.trainer][INFO] - Epoch 31/150 | train_loss=0.684864 | val_loss=0.766333
[2026-03-05 04:13:53,451][stagebridge.training.trainer][INFO] - Epoch 32/150 | train_loss=0.683913 | val_loss=0.748573
[2026-03-05 04:13:55,583][stagebridge.training.trainer][INFO] - Epoch 33/150 | train_loss=0.676434 | val_loss=0.744462
[2026-03-05 04:13:57,670][stagebridge.training.trainer][INFO] - Epoch 34/150 | train_loss=0.684345 | val_loss=0.731449
[2026-03-05 04:13:59,760][stagebridge.training.trainer][INFO] - Epoch 35/150 | train_loss=0.680036 | val_loss=0.742337
[2026-03-05 04:14:01,833][stagebridge.training.trainer][INFO] - Epoch 36/150 | train_loss=0.674987 | val_loss=0.738551
[2026-03-05 04:14:03,858][stagebridge.training.trainer][INFO] - Epoch 37/150 | train_loss=0.669477 | val_loss=0.750742
[2026-03-05 04:14:05,870][stagebridge.training.trainer][INFO] - Epoch 38/150 | train_loss=0.671348 | val_loss=0.752177
[2026-03-05 04:14:07,833][stagebridge.training.trainer][INFO] - Epoch 39/150 | train_loss=0.663552 | val_loss=0.740763
[2026-03-05 04:14:09,826][stagebridge.training.trainer][INFO] - Epoch 40/150 | train_loss=0.668059 | val_loss=0.711679
[2026-03-05 04:14:11,290][stagebridge.training.trainer][INFO] - Epoch 41/150 | train_loss=0.661273 | val_loss=0.742795
[2026-03-05 04:14:14,523][stagebridge.training.trainer][INFO] - Epoch 42/150 | train_loss=0.658138 | val_loss=0.732002
[2026-03-05 04:14:15,955][stagebridge.training.trainer][INFO] - Epoch 43/150 | train_loss=0.652091 | val_loss=0.742993
[2026-03-05 04:14:17,383][stagebridge.training.trainer][INFO] - Epoch 44/150 | train_loss=0.654978 | val_loss=0.729049
[2026-03-05 04:14:18,808][stagebridge.training.trainer][INFO] - Epoch 45/150 | train_loss=0.652909 | val_loss=0.698809
[2026-03-05 04:14:20,250][stagebridge.training.trainer][INFO] - Epoch 46/150 | train_loss=0.656944 | val_loss=0.742043
[2026-03-05 04:14:21,695][stagebridge.training.trainer][INFO] - Epoch 47/150 | train_loss=0.650833 | val_loss=0.717041
[2026-03-05 04:14:23,146][stagebridge.training.trainer][INFO] - Epoch 48/150 | train_loss=0.652600 | val_loss=0.721916
[2026-03-05 04:14:24,662][stagebridge.training.trainer][INFO] - Epoch 49/150 | train_loss=0.641961 | val_loss=0.725067
[2026-03-05 04:14:26,091][stagebridge.training.trainer][INFO] - Epoch 50/150 | train_loss=0.648798 | val_loss=0.691969
[2026-03-05 04:14:27,539][stagebridge.training.trainer][INFO] - Epoch 51/150 | train_loss=0.646733 | val_loss=0.703710
[2026-03-05 04:14:28,955][stagebridge.training.trainer][INFO] - Epoch 52/150 | train_loss=0.643580 | val_loss=0.702201
[2026-03-05 04:14:30,375][stagebridge.training.trainer][INFO] - Epoch 53/150 | train_loss=0.635723 | val_loss=0.719714
[2026-03-05 04:14:31,792][stagebridge.training.trainer][INFO] - Epoch 54/150 | train_loss=0.642187 | val_loss=0.710166
[2026-03-05 04:14:33,210][stagebridge.training.trainer][INFO] - Epoch 55/150 | train_loss=0.631774 | val_loss=0.707660
[2026-03-05 04:14:34,636][stagebridge.training.trainer][INFO] - Epoch 56/150 | train_loss=0.637617 | val_loss=0.728376
[2026-03-05 04:14:36,056][stagebridge.training.trainer][INFO] - Epoch 57/150 | train_loss=0.634261 | val_loss=0.718538
[2026-03-05 04:14:37,490][stagebridge.training.trainer][INFO] - Epoch 58/150 | train_loss=0.636311 | val_loss=0.732834
[2026-03-05 04:14:38,934][stagebridge.training.trainer][INFO] - Epoch 59/150 | train_loss=0.626671 | val_loss=0.707239
[2026-03-05 04:14:40,709][stagebridge.training.trainer][INFO] - Epoch 60/150 | train_loss=0.628511 | val_loss=0.719940
[2026-03-05 04:14:42,248][stagebridge.training.trainer][INFO] - Epoch 61/150 | train_loss=0.635612 | val_loss=0.736121
[2026-03-05 04:14:43,716][stagebridge.training.trainer][INFO] - Epoch 62/150 | train_loss=0.632165 | val_loss=0.711348
[2026-03-05 04:14:45,157][stagebridge.training.trainer][INFO] - Epoch 63/150 | train_loss=0.634134 | val_loss=0.698260
[2026-03-05 04:14:46,608][stagebridge.training.trainer][INFO] - Epoch 64/150 | train_loss=0.623956 | val_loss=0.757632
[2026-03-05 04:14:49,861][stagebridge.training.trainer][INFO] - Epoch 65/150 | train_loss=0.630357 | val_loss=0.721143
[2026-03-05 04:14:51,296][stagebridge.training.trainer][INFO] - Epoch 66/150 | train_loss=0.620788 | val_loss=0.731218
[2026-03-05 04:14:52,738][stagebridge.training.trainer][INFO] - Epoch 67/150 | train_loss=0.623176 | val_loss=0.709037
[2026-03-05 04:14:54,176][stagebridge.training.trainer][INFO] - Epoch 68/150 | train_loss=0.628763 | val_loss=0.700600
[2026-03-05 04:14:55,795][stagebridge.training.trainer][INFO] - Epoch 69/150 | train_loss=0.632434 | val_loss=0.706253
[2026-03-05 04:14:57,229][stagebridge.training.trainer][INFO] - Epoch 70/150 | train_loss=0.622879 | val_loss=0.687076
[2026-03-05 04:14:59,352][stagebridge.training.trainer][INFO] - Epoch 71/150 | train_loss=0.622372 | val_loss=0.692288
[2026-03-05 04:15:01,032][stagebridge.training.trainer][INFO] - Epoch 72/150 | train_loss=0.618834 | val_loss=0.703507
[2026-03-05 04:15:02,471][stagebridge.training.trainer][INFO] - Epoch 73/150 | train_loss=0.624917 | val_loss=0.668921
[2026-03-05 04:15:03,988][stagebridge.training.trainer][INFO] - Epoch 74/150 | train_loss=0.617241 | val_loss=0.693824
[2026-03-05 04:15:05,418][stagebridge.training.trainer][INFO] - Epoch 75/150 | train_loss=0.618153 | val_loss=0.721532
[2026-03-05 04:15:06,863][stagebridge.training.trainer][INFO] - Epoch 76/150 | train_loss=0.619269 | val_loss=0.716780
[2026-03-05 04:15:08,290][stagebridge.training.trainer][INFO] - Epoch 77/150 | train_loss=0.615387 | val_loss=0.723287
[2026-03-05 04:15:09,718][stagebridge.training.trainer][INFO] - Epoch 78/150 | train_loss=0.612939 | val_loss=0.681040
[2026-03-05 04:15:11,155][stagebridge.training.trainer][INFO] - Epoch 79/150 | train_loss=0.606527 | val_loss=0.709506
[2026-03-05 04:15:12,580][stagebridge.training.trainer][INFO] - Epoch 80/150 | train_loss=0.616332 | val_loss=0.688817
[2026-03-05 04:15:14,010][stagebridge.training.trainer][INFO] - Epoch 81/150 | train_loss=0.619806 | val_loss=0.701574
[2026-03-05 04:15:15,449][stagebridge.training.trainer][INFO] - Epoch 82/150 | train_loss=0.600170 | val_loss=0.686898
[2026-03-05 04:15:16,897][stagebridge.training.trainer][INFO] - Epoch 83/150 | train_loss=0.610110 | val_loss=0.683409
[2026-03-05 04:15:18,337][stagebridge.training.trainer][INFO] - Epoch 84/150 | train_loss=0.609978 | val_loss=0.702518
[2026-03-05 04:15:19,773][stagebridge.training.trainer][INFO] - Epoch 85/150 | train_loss=0.619689 | val_loss=0.721338
[2026-03-05 04:15:23,009][stagebridge.training.trainer][INFO] - Epoch 86/150 | train_loss=0.606618 | val_loss=0.699086
[2026-03-05 04:15:24,453][stagebridge.training.trainer][INFO] - Epoch 87/150 | train_loss=0.615145 | val_loss=0.690310
[2026-03-05 04:15:25,903][stagebridge.training.trainer][INFO] - Epoch 88/150 | train_loss=0.611793 | val_loss=0.676893
[2026-03-05 04:15:27,342][stagebridge.training.trainer][INFO] - Epoch 89/150 | train_loss=0.606930 | val_loss=0.684292
[2026-03-05 04:15:28,778][stagebridge.training.trainer][INFO] - Epoch 90/150 | train_loss=0.607579 | val_loss=0.656497
[2026-03-05 04:15:30,226][stagebridge.training.trainer][INFO] - Epoch 91/150 | train_loss=0.607913 | val_loss=0.682739
[2026-03-05 04:15:31,658][stagebridge.training.trainer][INFO] - Epoch 92/150 | train_loss=0.610429 | val_loss=0.692353
[2026-03-05 04:15:33,087][stagebridge.training.trainer][INFO] - Epoch 93/150 | train_loss=0.602399 | val_loss=0.692890
[2026-03-05 04:15:34,512][stagebridge.training.trainer][INFO] - Epoch 94/150 | train_loss=0.605368 | val_loss=0.676381
[2026-03-05 04:15:35,932][stagebridge.training.trainer][INFO] - Epoch 95/150 | train_loss=0.603189 | val_loss=0.690151
[2026-03-05 04:15:37,356][stagebridge.training.trainer][INFO] - Epoch 96/150 | train_loss=0.605572 | val_loss=0.693256
[2026-03-05 04:15:38,777][stagebridge.training.trainer][INFO] - Epoch 97/150 | train_loss=0.600114 | val_loss=0.676408
[2026-03-05 04:15:40,190][stagebridge.training.trainer][INFO] - Epoch 98/150 | train_loss=0.611722 | val_loss=0.654604
[2026-03-05 04:15:41,646][stagebridge.training.trainer][INFO] - Epoch 99/150 | train_loss=0.604120 | val_loss=0.688911
[2026-03-05 04:15:43,079][stagebridge.training.trainer][INFO] - Epoch 100/150 | train_loss=0.602529 | val_loss=0.691077
[2026-03-05 04:15:44,525][stagebridge.training.trainer][INFO] - Epoch 101/150 | train_loss=0.600519 | val_loss=0.667744
[2026-03-05 04:15:45,958][stagebridge.training.trainer][INFO] - Epoch 102/150 | train_loss=0.598482 | val_loss=0.672772
[2026-03-05 04:15:47,389][stagebridge.training.trainer][INFO] - Epoch 103/150 | train_loss=0.596959 | val_loss=0.705464
[2026-03-05 04:15:48,827][stagebridge.training.trainer][INFO] - Epoch 104/150 | train_loss=0.597413 | val_loss=0.659177
[2026-03-05 04:15:50,263][stagebridge.training.trainer][INFO] - Epoch 105/150 | train_loss=0.606455 | val_loss=0.684437
[2026-03-05 04:15:51,702][stagebridge.training.trainer][INFO] - Epoch 106/150 | train_loss=0.601182 | val_loss=0.696261
[2026-03-05 04:15:53,133][stagebridge.training.trainer][INFO] - Epoch 107/150 | train_loss=0.602840 | val_loss=0.675282
[2026-03-05 04:15:54,580][stagebridge.training.trainer][INFO] - Epoch 108/150 | train_loss=0.598182 | val_loss=0.712743
[2026-03-05 04:15:57,858][stagebridge.training.trainer][INFO] - Epoch 109/150 | train_loss=0.593076 | val_loss=0.680600
[2026-03-05 04:15:59,295][stagebridge.training.trainer][INFO] - Epoch 110/150 | train_loss=0.592395 | val_loss=0.672550
[2026-03-05 04:16:00,723][stagebridge.training.trainer][INFO] - Epoch 111/150 | train_loss=0.591697 | val_loss=0.692484
[2026-03-05 04:16:02,160][stagebridge.training.trainer][INFO] - Epoch 112/150 | train_loss=0.596210 | val_loss=0.678481
[2026-03-05 04:16:03,617][stagebridge.training.trainer][INFO] - Epoch 113/150 | train_loss=0.594476 | val_loss=0.682076
[2026-03-05 04:16:05,069][stagebridge.training.trainer][INFO] - Epoch 114/150 | train_loss=0.594582 | val_loss=0.680818
[2026-03-05 04:16:06,499][stagebridge.training.trainer][INFO] - Epoch 115/150 | train_loss=0.591399 | val_loss=0.664766
[2026-03-05 04:16:07,900][stagebridge.training.trainer][INFO] - Epoch 116/150 | train_loss=0.594337 | val_loss=0.674844
[2026-03-05 04:16:09,306][stagebridge.training.trainer][INFO] - Epoch 117/150 | train_loss=0.591341 | val_loss=0.675969
[2026-03-05 04:16:10,701][stagebridge.training.trainer][INFO] - Epoch 118/150 | train_loss=0.590738 | val_loss=0.682892
[2026-03-05 04:16:10,701][stagebridge.training.trainer][INFO] - Early stopping triggered after 20 epochs without improvement.
[2026-03-05 04:16:11,413][stagebridge.viz.embeddings][INFO] - UMAP with trajectories written: outputs/hca_poster/figures/hca_poster_stagebridge__ablation_no_ot_umap_pushforward.png
[2026-03-05 04:16:11,422][choreographer.browsers.chromium][INFO] - Chromium init'ed with kwargs {}
[2026-03-05 04:16:13,958][stagebridge.training.trainer][INFO] - Epoch 1/150 | train_loss=0.914832 | val_loss=0.973129
[2026-03-05 04:16:15,409][stagebridge.training.trainer][INFO] - Epoch 2/150 | train_loss=0.921878 | val_loss=0.979864
[2026-03-05 04:16:16,834][stagebridge.training.trainer][INFO] - Epoch 3/150 | train_loss=0.928435 | val_loss=0.980116
[2026-03-05 04:16:18,269][stagebridge.training.trainer][INFO] - Epoch 4/150 | train_loss=0.915021 | val_loss=0.967003
[2026-03-05 04:16:19,711][stagebridge.training.trainer][INFO] - Epoch 5/150 | train_loss=0.909953 | val_loss=0.964160
[2026-03-05 04:16:21,145][stagebridge.training.trainer][INFO] - Epoch 6/150 | train_loss=0.914303 | val_loss=0.978508
[2026-03-05 04:16:22,579][stagebridge.training.trainer][INFO] - Epoch 7/150 | train_loss=0.893916 | val_loss=0.964410
[2026-03-05 04:16:24,018][stagebridge.training.trainer][INFO] - Epoch 8/150 | train_loss=0.886175 | val_loss=0.942663
[2026-03-05 04:16:25,474][stagebridge.training.trainer][INFO] - Epoch 9/150 | train_loss=0.859026 | val_loss=0.933955
[2026-03-05 04:16:26,924][stagebridge.training.trainer][INFO] - Epoch 10/150 | train_loss=0.839300 | val_loss=0.931905
[2026-03-05 04:16:28,378][stagebridge.training.trainer][INFO] - Epoch 11/150 | train_loss=0.830426 | val_loss=0.903563
[2026-03-05 04:16:29,832][stagebridge.training.trainer][INFO] - Epoch 12/150 | train_loss=0.804904 | val_loss=0.905938
[2026-03-05 04:16:31,262][stagebridge.training.trainer][INFO] - Epoch 13/150 | train_loss=0.793262 | val_loss=0.908222
[2026-03-05 04:16:32,698][stagebridge.training.trainer][INFO] - Epoch 14/150 | train_loss=0.784071 | val_loss=0.858337
[2026-03-05 04:16:34,158][stagebridge.training.trainer][INFO] - Epoch 15/150 | train_loss=0.778820 | val_loss=0.827548
[2026-03-05 04:16:35,622][stagebridge.training.trainer][INFO] - Epoch 16/150 | train_loss=0.762548 | val_loss=0.836358
[2026-03-05 04:16:37,057][stagebridge.training.trainer][INFO] - Epoch 17/150 | train_loss=0.755544 | val_loss=0.837159
[2026-03-05 04:16:38,517][stagebridge.training.trainer][INFO] - Epoch 18/150 | train_loss=0.746499 | val_loss=0.810651
[2026-03-05 04:16:40,020][stagebridge.training.trainer][INFO] - Epoch 19/150 | train_loss=0.735715 | val_loss=0.789954
[2026-03-05 04:16:41,522][stagebridge.training.trainer][INFO] - Epoch 20/150 | train_loss=0.725422 | val_loss=0.810908
[2026-03-05 04:16:42,999][stagebridge.training.trainer][INFO] - Epoch 21/150 | train_loss=0.723224 | val_loss=0.794389
[2026-03-05 04:16:46,820][stagebridge.training.trainer][INFO] - Epoch 22/150 | train_loss=0.718405 | val_loss=0.804588
[2026-03-05 04:16:48,266][stagebridge.training.trainer][INFO] - Epoch 23/150 | train_loss=0.709557 | val_loss=0.808210
[2026-03-05 04:16:49,691][stagebridge.training.trainer][INFO] - Epoch 24/150 | train_loss=0.706034 | val_loss=0.803170
[2026-03-05 04:16:51,121][stagebridge.training.trainer][INFO] - Epoch 25/150 | train_loss=0.708299 | val_loss=0.781753
[2026-03-05 04:16:52,556][stagebridge.training.trainer][INFO] - Epoch 26/150 | train_loss=0.700908 | val_loss=0.802986
[2026-03-05 04:16:53,984][stagebridge.training.trainer][INFO] - Epoch 27/150 | train_loss=0.694349 | val_loss=0.783999
[2026-03-05 04:16:55,416][stagebridge.training.trainer][INFO] - Epoch 28/150 | train_loss=0.691974 | val_loss=0.805209
[2026-03-05 04:16:56,847][stagebridge.training.trainer][INFO] - Epoch 29/150 | train_loss=0.688705 | val_loss=0.803174
[2026-03-05 04:16:58,216][stagebridge.training.trainer][INFO] - Epoch 30/150 | train_loss=0.684307 | val_loss=0.779937
[2026-03-05 04:16:59,602][stagebridge.training.trainer][INFO] - Epoch 31/150 | train_loss=0.681854 | val_loss=0.771088
[2026-03-05 04:17:00,978][stagebridge.training.trainer][INFO] - Epoch 32/150 | train_loss=0.680569 | val_loss=0.762513
[2026-03-05 04:17:02,420][stagebridge.training.trainer][INFO] - Epoch 33/150 | train_loss=0.674931 | val_loss=0.789682
[2026-03-05 04:17:03,849][stagebridge.training.trainer][INFO] - Epoch 34/150 | train_loss=0.673731 | val_loss=0.838077
[2026-03-05 04:17:05,284][stagebridge.training.trainer][INFO] - Epoch 35/150 | train_loss=0.672941 | val_loss=0.791577
[2026-03-05 04:17:06,711][stagebridge.training.trainer][INFO] - Epoch 36/150 | train_loss=0.671179 | val_loss=0.749771
[2026-03-05 04:17:08,141][stagebridge.training.trainer][INFO] - Epoch 37/150 | train_loss=0.663847 | val_loss=0.787663
[2026-03-05 04:17:09,568][stagebridge.training.trainer][INFO] - Epoch 38/150 | train_loss=0.670369 | val_loss=0.782363
[2026-03-05 04:17:11,001][stagebridge.training.trainer][INFO] - Epoch 39/150 | train_loss=0.665885 | val_loss=0.765871
[2026-03-05 04:17:12,431][stagebridge.training.trainer][INFO] - Epoch 40/150 | train_loss=0.659758 | val_loss=0.770860
[2026-03-05 04:17:13,855][stagebridge.training.trainer][INFO] - Epoch 41/150 | train_loss=0.668733 | val_loss=0.787060
[2026-03-05 04:17:15,283][stagebridge.training.trainer][INFO] - Epoch 42/150 | train_loss=0.659804 | val_loss=0.810999
[2026-03-05 04:17:16,706][stagebridge.training.trainer][INFO] - Epoch 43/150 | train_loss=0.658867 | val_loss=0.800830
[2026-03-05 04:17:18,133][stagebridge.training.trainer][INFO] - Epoch 44/150 | train_loss=0.654129 | val_loss=0.787229
[2026-03-05 04:17:21,542][stagebridge.training.trainer][INFO] - Epoch 45/150 | train_loss=0.661976 | val_loss=0.788643
[2026-03-05 04:17:22,982][stagebridge.training.trainer][INFO] - Epoch 46/150 | train_loss=0.652586 | val_loss=0.795640
[2026-03-05 04:17:24,401][stagebridge.training.trainer][INFO] - Epoch 47/150 | train_loss=0.649964 | val_loss=0.790602
[2026-03-05 04:17:25,829][stagebridge.training.trainer][INFO] - Epoch 48/150 | train_loss=0.644434 | val_loss=0.775142
[2026-03-05 04:17:27,264][stagebridge.training.trainer][INFO] - Epoch 49/150 | train_loss=0.647236 | val_loss=0.765030
[2026-03-05 04:17:28,689][stagebridge.training.trainer][INFO] - Epoch 50/150 | train_loss=0.655640 | val_loss=0.774427
[2026-03-05 04:17:30,110][stagebridge.training.trainer][INFO] - Epoch 51/150 | train_loss=0.643702 | val_loss=0.767410
[2026-03-05 04:17:31,535][stagebridge.training.trainer][INFO] - Epoch 52/150 | train_loss=0.643573 | val_loss=0.766209
[2026-03-05 04:17:32,957][stagebridge.training.trainer][INFO] - Epoch 53/150 | train_loss=0.644086 | val_loss=0.758644
[2026-03-05 04:17:34,386][stagebridge.training.trainer][INFO] - Epoch 54/150 | train_loss=0.644309 | val_loss=0.760533
[2026-03-05 04:17:35,825][stagebridge.training.trainer][INFO] - Epoch 55/150 | train_loss=0.643660 | val_loss=0.807192
[2026-03-05 04:17:37,261][stagebridge.training.trainer][INFO] - Epoch 56/150 | train_loss=0.639751 | val_loss=0.741666
[2026-03-05 04:17:38,704][stagebridge.training.trainer][INFO] - Epoch 57/150 | train_loss=0.634191 | val_loss=0.778561
[2026-03-05 04:17:40,159][stagebridge.training.trainer][INFO] - Epoch 58/150 | train_loss=0.636690 | val_loss=0.786181
[2026-03-05 04:17:41,599][stagebridge.training.trainer][INFO] - Epoch 59/150 | train_loss=0.636608 | val_loss=0.781837
[2026-03-05 04:17:43,039][stagebridge.training.trainer][INFO] - Epoch 60/150 | train_loss=0.639406 | val_loss=0.793465
[2026-03-05 04:17:44,478][stagebridge.training.trainer][INFO] - Epoch 61/150 | train_loss=0.630720 | val_loss=0.751448
[2026-03-05 04:17:45,923][stagebridge.training.trainer][INFO] - Epoch 62/150 | train_loss=0.632340 | val_loss=0.807130
[2026-03-05 04:17:47,359][stagebridge.training.trainer][INFO] - Epoch 63/150 | train_loss=0.635002 | val_loss=0.778201
[2026-03-05 04:17:48,790][stagebridge.training.trainer][INFO] - Epoch 64/150 | train_loss=0.631770 | val_loss=0.772468
[2026-03-05 04:17:50,242][stagebridge.training.trainer][INFO] - Epoch 65/150 | train_loss=0.631433 | val_loss=0.759646
[2026-03-05 04:17:51,677][stagebridge.training.trainer][INFO] - Epoch 66/150 | train_loss=0.632641 | val_loss=0.782715
[2026-03-05 04:17:54,829][stagebridge.training.trainer][INFO] - Epoch 67/150 | train_loss=0.634164 | val_loss=0.759602
[2026-03-05 04:17:56,269][stagebridge.training.trainer][INFO] - Epoch 68/150 | train_loss=0.632240 | val_loss=0.817610
[2026-03-05 04:17:57,731][stagebridge.training.trainer][INFO] - Epoch 69/150 | train_loss=0.628780 | val_loss=0.768328
[2026-03-05 04:17:59,161][stagebridge.training.trainer][INFO] - Epoch 70/150 | train_loss=0.623388 | val_loss=0.762518
[2026-03-05 04:18:00,585][stagebridge.training.trainer][INFO] - Epoch 71/150 | train_loss=0.631884 | val_loss=0.799001
[2026-03-05 04:18:02,048][stagebridge.training.trainer][INFO] - Epoch 72/150 | train_loss=0.634682 | val_loss=0.757983
[2026-03-05 04:18:03,493][stagebridge.training.trainer][INFO] - Epoch 73/150 | train_loss=0.629224 | val_loss=0.807823
[2026-03-05 04:18:04,910][stagebridge.training.trainer][INFO] - Epoch 74/150 | train_loss=0.622849 | val_loss=0.791257
[2026-03-05 04:18:06,323][stagebridge.training.trainer][INFO] - Epoch 75/150 | train_loss=0.623083 | val_loss=0.799066
[2026-03-05 04:18:07,728][stagebridge.training.trainer][INFO] - Epoch 76/150 | train_loss=0.622814 | val_loss=0.770699
[2026-03-05 04:18:07,742][stagebridge.training.trainer][INFO] - Early stopping triggered after 20 epochs without improvement.
[2026-03-05 04:18:10,029][stagebridge.training.trainer][INFO] - Epoch 1/150 | train_loss=0.927083 | val_loss=0.927595
[2026-03-05 04:18:11,443][stagebridge.training.trainer][INFO] - Epoch 2/150 | train_loss=0.921886 | val_loss=0.937853
[2026-03-05 04:18:12,868][stagebridge.training.trainer][INFO] - Epoch 3/150 | train_loss=0.915914 | val_loss=0.959792
[2026-03-05 04:18:14,320][stagebridge.training.trainer][INFO] - Epoch 4/150 | train_loss=0.913038 | val_loss=0.944726
[2026-03-05 04:18:15,750][stagebridge.training.trainer][INFO] - Epoch 5/150 | train_loss=0.906614 | val_loss=0.933307
[2026-03-05 04:18:17,183][stagebridge.training.trainer][INFO] - Epoch 6/150 | train_loss=0.914713 | val_loss=0.900599
[2026-03-05 04:18:18,629][stagebridge.training.trainer][INFO] - Epoch 7/150 | train_loss=0.904717 | val_loss=0.920933
[2026-03-05 04:18:20,053][stagebridge.training.trainer][INFO] - Epoch 8/150 | train_loss=0.903291 | val_loss=0.927127
[2026-03-05 04:18:21,486][stagebridge.training.trainer][INFO] - Epoch 9/150 | train_loss=0.903864 | val_loss=0.952065
[2026-03-05 04:18:22,922][stagebridge.training.trainer][INFO] - Epoch 10/150 | train_loss=0.887009 | val_loss=0.913353
[2026-03-05 04:18:24,366][stagebridge.training.trainer][INFO] - Epoch 11/150 | train_loss=0.875367 | val_loss=0.895689
[2026-03-05 04:18:25,815][stagebridge.training.trainer][INFO] - Epoch 12/150 | train_loss=0.842833 | val_loss=0.880950
[2026-03-05 04:18:29,064][stagebridge.training.trainer][INFO] - Epoch 13/150 | train_loss=0.830956 | val_loss=0.850744
[2026-03-05 04:18:30,512][stagebridge.training.trainer][INFO] - Epoch 14/150 | train_loss=0.802555 | val_loss=0.867386
[2026-03-05 04:18:31,955][stagebridge.training.trainer][INFO] - Epoch 15/150 | train_loss=0.802544 | val_loss=0.842497
[2026-03-05 04:18:33,404][stagebridge.training.trainer][INFO] - Epoch 16/150 | train_loss=0.789983 | val_loss=0.824418
[2026-03-05 04:18:34,860][stagebridge.training.trainer][INFO] - Epoch 17/150 | train_loss=0.782615 | val_loss=0.803494
[2026-03-05 04:18:36,315][stagebridge.training.trainer][INFO] - Epoch 18/150 | train_loss=0.770702 | val_loss=0.812865
[2026-03-05 04:18:37,752][stagebridge.training.trainer][INFO] - Epoch 19/150 | train_loss=0.765185 | val_loss=0.799588
[2026-03-05 04:18:39,178][stagebridge.training.trainer][INFO] - Epoch 20/150 | train_loss=0.758394 | val_loss=0.783270
[2026-03-05 04:18:40,602][stagebridge.training.trainer][INFO] - Epoch 21/150 | train_loss=0.750084 | val_loss=0.788521
[2026-03-05 04:18:42,012][stagebridge.training.trainer][INFO] - Epoch 22/150 | train_loss=0.737249 | val_loss=0.743575
[2026-03-05 04:18:43,435][stagebridge.training.trainer][INFO] - Epoch 23/150 | train_loss=0.736759 | val_loss=0.769827
[2026-03-05 04:18:44,844][stagebridge.training.trainer][INFO] - Epoch 24/150 | train_loss=0.723669 | val_loss=0.763562
[2026-03-05 04:18:46,280][stagebridge.training.trainer][INFO] - Epoch 25/150 | train_loss=0.729067 | val_loss=0.760737
[2026-03-05 04:18:47,740][stagebridge.training.trainer][INFO] - Epoch 26/150 | train_loss=0.719823 | val_loss=0.750057
[2026-03-05 04:18:49,203][stagebridge.training.trainer][INFO] - Epoch 27/150 | train_loss=0.709888 | val_loss=0.758332
[2026-03-05 04:18:50,647][stagebridge.training.trainer][INFO] - Epoch 28/150 | train_loss=0.699383 | val_loss=0.765582
[2026-03-05 04:18:52,081][stagebridge.training.trainer][INFO] - Epoch 29/150 | train_loss=0.702720 | val_loss=0.734453
[2026-03-05 04:18:53,536][stagebridge.training.trainer][INFO] - Epoch 30/150 | train_loss=0.696040 | val_loss=0.748461
[2026-03-05 04:18:54,977][stagebridge.training.trainer][INFO] - Epoch 31/150 | train_loss=0.700743 | val_loss=0.746616
[2026-03-05 04:18:56,411][stagebridge.training.trainer][INFO] - Epoch 32/150 | train_loss=0.697016 | val_loss=0.732526
[2026-03-05 04:18:57,862][stagebridge.training.trainer][INFO] - Epoch 33/150 | train_loss=0.689850 | val_loss=0.726397
[2026-03-05 04:18:59,318][stagebridge.training.trainer][INFO] - Epoch 34/150 | train_loss=0.682220 | val_loss=0.740845
[2026-03-05 04:19:00,756][stagebridge.training.trainer][INFO] - Epoch 35/150 | train_loss=0.673475 | val_loss=0.716905
[2026-03-05 04:19:04,007][stagebridge.training.trainer][INFO] - Epoch 36/150 | train_loss=0.684514 | val_loss=0.714669
[2026-03-05 04:19:05,457][stagebridge.training.trainer][INFO] - Epoch 37/150 | train_loss=0.678119 | val_loss=0.704803
[2026-03-05 04:19:06,916][stagebridge.training.trainer][INFO] - Epoch 38/150 | train_loss=0.674016 | val_loss=0.735912
[2026-03-05 04:19:08,362][stagebridge.training.trainer][INFO] - Epoch 39/150 | train_loss=0.676100 | val_loss=0.714619
[2026-03-05 04:19:09,822][stagebridge.training.trainer][INFO] - Epoch 40/150 | train_loss=0.669899 | val_loss=0.724383
[2026-03-05 04:19:11,269][stagebridge.training.trainer][INFO] - Epoch 41/150 | train_loss=0.667774 | val_loss=0.712565
[2026-03-05 04:19:12,667][stagebridge.training.trainer][INFO] - Epoch 42/150 | train_loss=0.663374 | val_loss=0.723922
[2026-03-05 04:19:14,032][stagebridge.training.trainer][INFO] - Epoch 43/150 | train_loss=0.661854 | val_loss=0.729895
[2026-03-05 04:19:15,409][stagebridge.training.trainer][INFO] - Epoch 44/150 | train_loss=0.672458 | val_loss=0.700006
[2026-03-05 04:19:16,790][stagebridge.training.trainer][INFO] - Epoch 45/150 | train_loss=0.668656 | val_loss=0.705496
[2026-03-05 04:19:18,212][stagebridge.training.trainer][INFO] - Epoch 46/150 | train_loss=0.664738 | val_loss=0.688840
[2026-03-05 04:19:19,657][stagebridge.training.trainer][INFO] - Epoch 47/150 | train_loss=0.663058 | val_loss=0.700787
[2026-03-05 04:19:21,081][stagebridge.training.trainer][INFO] - Epoch 48/150 | train_loss=0.650149 | val_loss=0.710596
[2026-03-05 04:19:22,510][stagebridge.training.trainer][INFO] - Epoch 49/150 | train_loss=0.652115 | val_loss=0.703399
[2026-03-05 04:19:23,934][stagebridge.training.trainer][INFO] - Epoch 50/150 | train_loss=0.652187 | val_loss=0.699938
[2026-03-05 04:19:25,370][stagebridge.training.trainer][INFO] - Epoch 51/150 | train_loss=0.651586 | val_loss=0.689170
[2026-03-05 04:19:26,803][stagebridge.training.trainer][INFO] - Epoch 52/150 | train_loss=0.649322 | val_loss=0.698538
[2026-03-05 04:19:28,226][stagebridge.training.trainer][INFO] - Epoch 53/150 | train_loss=0.651344 | val_loss=0.691185
[2026-03-05 04:19:29,654][stagebridge.training.trainer][INFO] - Epoch 54/150 | train_loss=0.644860 | val_loss=0.686277
[2026-03-05 04:19:31,097][stagebridge.training.trainer][INFO] - Epoch 55/150 | train_loss=0.650690 | val_loss=0.684708
[2026-03-05 04:19:32,537][stagebridge.training.trainer][INFO] - Epoch 56/150 | train_loss=0.638500 | val_loss=0.677847
[2026-03-05 04:19:33,990][stagebridge.training.trainer][INFO] - Epoch 57/150 | train_loss=0.644728 | val_loss=0.700069
[2026-03-05 04:19:37,267][stagebridge.training.trainer][INFO] - Epoch 58/150 | train_loss=0.644539 | val_loss=0.679292
[2026-03-05 04:19:38,713][stagebridge.training.trainer][INFO] - Epoch 59/150 | train_loss=0.644813 | val_loss=0.693262
[2026-03-05 04:19:40,167][stagebridge.training.trainer][INFO] - Epoch 60/150 | train_loss=0.642764 | val_loss=0.674674
[2026-03-05 04:19:41,854][stagebridge.training.trainer][INFO] - Epoch 61/150 | train_loss=0.636590 | val_loss=0.683259
[2026-03-05 04:19:43,293][stagebridge.training.trainer][INFO] - Epoch 62/150 | train_loss=0.632477 | val_loss=0.672688
[2026-03-05 04:19:45,366][stagebridge.training.trainer][INFO] - Epoch 63/150 | train_loss=0.636969 | val_loss=0.666709
[2026-03-05 04:19:47,358][stagebridge.training.trainer][INFO] - Epoch 64/150 | train_loss=0.642798 | val_loss=0.674445
[2026-03-05 04:19:49,275][stagebridge.training.trainer][INFO] - Epoch 65/150 | train_loss=0.633449 | val_loss=0.663821
[2026-03-05 04:19:51,280][stagebridge.training.trainer][INFO] - Epoch 66/150 | train_loss=0.634495 | val_loss=0.668728
[2026-03-05 04:19:53,400][stagebridge.training.trainer][INFO] - Epoch 67/150 | train_loss=0.629575 | val_loss=0.676674
[2026-03-05 04:19:55,508][stagebridge.training.trainer][INFO] - Epoch 68/150 | train_loss=0.634066 | val_loss=0.680408
[2026-03-05 04:19:57,531][stagebridge.training.trainer][INFO] - Epoch 69/150 | train_loss=0.634616 | val_loss=0.690752
[2026-03-05 04:19:59,556][stagebridge.training.trainer][INFO] - Epoch 70/150 | train_loss=0.629724 | val_loss=0.666198
[2026-03-05 04:20:01,504][stagebridge.training.trainer][INFO] - Epoch 71/150 | train_loss=0.628680 | val_loss=0.679914
[2026-03-05 04:20:02,922][stagebridge.training.trainer][INFO] - Epoch 72/150 | train_loss=0.626419 | val_loss=0.668918
[2026-03-05 04:20:04,345][stagebridge.training.trainer][INFO] - Epoch 73/150 | train_loss=0.627723 | val_loss=0.664689
[2026-03-05 04:20:05,779][stagebridge.training.trainer][INFO] - Epoch 74/150 | train_loss=0.625372 | val_loss=0.674492
[2026-03-05 04:20:07,204][stagebridge.training.trainer][INFO] - Epoch 75/150 | train_loss=0.633045 | val_loss=0.656081
[2026-03-05 04:20:08,648][stagebridge.training.trainer][INFO] - Epoch 76/150 | train_loss=0.621039 | val_loss=0.669523
[2026-03-05 04:20:11,950][stagebridge.training.trainer][INFO] - Epoch 77/150 | train_loss=0.622700 | val_loss=0.668608
[2026-03-05 04:20:13,422][stagebridge.training.trainer][INFO] - Epoch 78/150 | train_loss=0.626090 | val_loss=0.664961
[2026-03-05 04:20:14,887][stagebridge.training.trainer][INFO] - Epoch 79/150 | train_loss=0.620197 | val_loss=0.668734
[2026-03-05 04:20:16,347][stagebridge.training.trainer][INFO] - Epoch 80/150 | train_loss=0.627452 | val_loss=0.668544
[2026-03-05 04:20:17,805][stagebridge.training.trainer][INFO] - Epoch 81/150 | train_loss=0.614694 | val_loss=0.665968
[2026-03-05 04:20:19,258][stagebridge.training.trainer][INFO] - Epoch 82/150 | train_loss=0.622848 | val_loss=0.656412
[2026-03-05 04:20:20,633][stagebridge.training.trainer][INFO] - Epoch 83/150 | train_loss=0.619938 | val_loss=0.663426
[2026-03-05 04:20:21,982][stagebridge.training.trainer][INFO] - Epoch 84/150 | train_loss=0.618227 | val_loss=0.654286
[2026-03-05 04:20:23,890][stagebridge.training.trainer][INFO] - Epoch 85/150 | train_loss=0.619879 | val_loss=0.671072
[2026-03-05 04:20:25,724][stagebridge.training.trainer][INFO] - Epoch 86/150 | train_loss=0.611549 | val_loss=0.655644
[2026-03-05 04:20:27,572][stagebridge.training.trainer][INFO] - Epoch 87/150 | train_loss=0.614258 | val_loss=0.672154
[2026-03-05 04:20:29,486][stagebridge.training.trainer][INFO] - Epoch 88/150 | train_loss=0.617012 | val_loss=0.666651
[2026-03-05 04:20:31,454][stagebridge.training.trainer][INFO] - Epoch 89/150 | train_loss=0.607649 | val_loss=0.681541
[2026-03-05 04:20:33,323][stagebridge.training.trainer][INFO] - Epoch 90/150 | train_loss=0.613654 | val_loss=0.639318
[2026-03-05 04:20:35,441][stagebridge.training.trainer][INFO] - Epoch 91/150 | train_loss=0.617375 | val_loss=0.659381
[2026-03-05 04:20:37,398][stagebridge.training.trainer][INFO] - Epoch 92/150 | train_loss=0.615908 | val_loss=0.664002
[2026-03-05 04:20:39,271][stagebridge.training.trainer][INFO] - Epoch 93/150 | train_loss=0.611930 | val_loss=0.665501
[2026-03-05 04:20:40,729][stagebridge.training.trainer][INFO] - Epoch 94/150 | train_loss=0.618598 | val_loss=0.655170
[2026-03-05 04:20:42,187][stagebridge.training.trainer][INFO] - Epoch 95/150 | train_loss=0.614504 | val_loss=0.656159
[2026-03-05 04:20:45,671][stagebridge.training.trainer][INFO] - Epoch 96/150 | train_loss=0.604044 | val_loss=0.663356
[2026-03-05 04:20:47,287][stagebridge.training.trainer][INFO] - Epoch 97/150 | train_loss=0.608607 | val_loss=0.658960
[2026-03-05 04:20:49,421][stagebridge.training.trainer][INFO] - Epoch 98/150 | train_loss=0.611301 | val_loss=0.647649
[2026-03-05 04:20:51,283][stagebridge.training.trainer][INFO] - Epoch 99/150 | train_loss=0.613876 | val_loss=0.639030
[2026-03-05 04:20:52,794][stagebridge.training.trainer][INFO] - Epoch 100/150 | train_loss=0.607099 | val_loss=0.660118
[2026-03-05 04:20:54,240][stagebridge.training.trainer][INFO] - Epoch 101/150 | train_loss=0.608762 | val_loss=0.650929
[2026-03-05 04:20:55,618][stagebridge.training.trainer][INFO] - Epoch 102/150 | train_loss=0.608681 | val_loss=0.663375
[2026-03-05 04:20:56,983][stagebridge.training.trainer][INFO] - Epoch 103/150 | train_loss=0.602779 | val_loss=0.655763
[2026-03-05 04:20:58,358][stagebridge.training.trainer][INFO] - Epoch 104/150 | train_loss=0.604491 | val_loss=0.671727
[2026-03-05 04:20:59,728][stagebridge.training.trainer][INFO] - Epoch 105/150 | train_loss=0.606966 | val_loss=0.654588
[2026-03-05 04:21:01,089][stagebridge.training.trainer][INFO] - Epoch 106/150 | train_loss=0.605929 | val_loss=0.659864
[2026-03-05 04:21:02,455][stagebridge.training.trainer][INFO] - Epoch 107/150 | train_loss=0.605184 | val_loss=0.661888
[2026-03-05 04:21:03,827][stagebridge.training.trainer][INFO] - Epoch 108/150 | train_loss=0.599526 | val_loss=0.630284
[2026-03-05 04:21:05,205][stagebridge.training.trainer][INFO] - Epoch 109/150 | train_loss=0.609967 | val_loss=0.662837
[2026-03-05 04:21:06,579][stagebridge.training.trainer][INFO] - Epoch 110/150 | train_loss=0.599302 | val_loss=0.658486
[2026-03-05 04:21:07,942][stagebridge.training.trainer][INFO] - Epoch 111/150 | train_loss=0.595663 | val_loss=0.658677
[2026-03-05 04:21:09,309][stagebridge.training.trainer][INFO] - Epoch 112/150 | train_loss=0.605774 | val_loss=0.649160
[2026-03-05 04:21:10,752][stagebridge.training.trainer][INFO] - Epoch 113/150 | train_loss=0.598636 | val_loss=0.645570
[2026-03-05 04:21:12,210][stagebridge.training.trainer][INFO] - Epoch 114/150 | train_loss=0.599981 | val_loss=0.649053
[2026-03-05 04:21:13,689][stagebridge.training.trainer][INFO] - Epoch 115/150 | train_loss=0.606168 | val_loss=0.644078
[2026-03-05 04:21:15,153][stagebridge.training.trainer][INFO] - Epoch 116/150 | train_loss=0.600065 | val_loss=0.647903
[2026-03-05 04:21:16,629][stagebridge.training.trainer][INFO] - Epoch 117/150 | train_loss=0.595035 | val_loss=0.656147
[2026-03-05 04:21:20,224][stagebridge.training.trainer][INFO] - Epoch 118/150 | train_loss=0.604616 | val_loss=0.656700
[2026-03-05 04:21:21,735][stagebridge.training.trainer][INFO] - Epoch 119/150 | train_loss=0.604251 | val_loss=0.655767
[2026-03-05 04:21:23,241][stagebridge.training.trainer][INFO] - Epoch 120/150 | train_loss=0.598179 | val_loss=0.653853
[2026-03-05 04:21:24,745][stagebridge.training.trainer][INFO] - Epoch 121/150 | train_loss=0.604947 | val_loss=0.643310
[2026-03-05 04:21:26,256][stagebridge.training.trainer][INFO] - Epoch 122/150 | train_loss=0.602988 | val_loss=0.651173
[2026-03-05 04:21:27,768][stagebridge.training.trainer][INFO] - Epoch 123/150 | train_loss=0.601099 | val_loss=0.654520
[2026-03-05 04:21:29,137][stagebridge.training.trainer][INFO] - Epoch 124/150 | train_loss=0.598234 | val_loss=0.650411
[2026-03-05 04:21:30,504][stagebridge.training.trainer][INFO] - Epoch 125/150 | train_loss=0.594401 | val_loss=0.656373
[2026-03-05 04:21:31,860][stagebridge.training.trainer][INFO] - Epoch 126/150 | train_loss=0.601568 | val_loss=0.630407
[2026-03-05 04:21:33,224][stagebridge.training.trainer][INFO] - Epoch 127/150 | train_loss=0.598480 | val_loss=0.651362
[2026-03-05 04:21:34,591][stagebridge.training.trainer][INFO] - Epoch 128/150 | train_loss=0.598615 | val_loss=0.651444
[2026-03-05 04:21:34,591][stagebridge.training.trainer][INFO] - Early stopping triggered after 20 epochs without improvement.
[2026-03-05 04:21:39,169][stagebridge.training.trainer][INFO] - Epoch 1/150 | train_loss=0.293499 | val_loss=0.320644
[2026-03-05 04:21:42,817][stagebridge.training.trainer][INFO] - Epoch 2/150 | train_loss=0.288935 | val_loss=0.310615
[2026-03-05 04:21:46,618][stagebridge.training.trainer][INFO] - Epoch 3/150 | train_loss=0.297524 | val_loss=0.311194
[2026-03-05 04:21:50,474][stagebridge.training.trainer][INFO] - Epoch 4/150 | train_loss=0.297693 | val_loss=0.261916
[2026-03-05 04:21:56,629][stagebridge.training.trainer][INFO] - Epoch 5/150 | train_loss=0.294020 | val_loss=0.328186
[2026-03-05 04:22:00,597][stagebridge.training.trainer][INFO] - Epoch 6/150 | train_loss=0.299953 | val_loss=0.336189
[2026-03-05 04:22:04,354][stagebridge.training.trainer][INFO] - Epoch 7/150 | train_loss=0.297776 | val_loss=0.310022
[2026-03-05 04:22:08,052][stagebridge.training.trainer][INFO] - Epoch 8/150 | train_loss=0.302316 | val_loss=0.303935
[2026-03-05 04:22:11,702][stagebridge.training.trainer][INFO] - Epoch 9/150 | train_loss=0.300638 | val_loss=0.340069
[2026-03-05 04:22:15,326][stagebridge.training.trainer][INFO] - Epoch 10/150 | train_loss=0.290898 | val_loss=0.326956
[2026-03-05 04:22:19,096][stagebridge.training.trainer][INFO] - Epoch 11/150 | train_loss=0.310013 | val_loss=0.292391
[2026-03-05 04:22:22,954][stagebridge.training.trainer][INFO] - Epoch 12/150 | train_loss=0.294354 | val_loss=0.323089
[2026-03-05 04:22:28,848][stagebridge.training.trainer][INFO] - Epoch 13/150 | train_loss=0.305964 | val_loss=0.330151
[2026-03-05 04:22:32,886][stagebridge.training.trainer][INFO] - Epoch 14/150 | train_loss=0.286102 | val_loss=0.326413
[2026-03-05 04:22:36,711][stagebridge.training.trainer][INFO] - Epoch 15/150 | train_loss=0.294773 | val_loss=0.326309
[2026-03-05 04:22:40,436][stagebridge.training.trainer][INFO] - Epoch 16/150 | train_loss=0.285615 | val_loss=0.294326
[2026-03-05 04:22:44,177][stagebridge.training.trainer][INFO] - Epoch 17/150 | train_loss=0.290466 | val_loss=0.322198
[2026-03-05 04:22:47,810][stagebridge.training.trainer][INFO] - Epoch 18/150 | train_loss=0.293007 | val_loss=0.314618
[2026-03-05 04:22:51,466][stagebridge.training.trainer][INFO] - Epoch 19/150 | train_loss=0.284062 | val_loss=0.299323
[2026-03-05 04:22:55,300][stagebridge.training.trainer][INFO] - Epoch 20/150 | train_loss=0.285997 | val_loss=0.349683
[2026-03-05 04:22:59,135][stagebridge.training.trainer][INFO] - Epoch 21/150 | train_loss=0.293140 | val_loss=0.311536
[2026-03-05 04:23:05,014][stagebridge.training.trainer][INFO] - Epoch 22/150 | train_loss=0.278810 | val_loss=0.290255
[2026-03-05 04:23:08,835][stagebridge.training.trainer][INFO] - Epoch 23/150 | train_loss=0.285379 | val_loss=0.297275
[2026-03-05 04:23:12,524][stagebridge.training.trainer][INFO] - Epoch 24/150 | train_loss=0.292591 | val_loss=0.344164
[2026-03-05 04:23:12,524][stagebridge.training.trainer][INFO] - Early stopping triggered after 20 epochs without improvement.
[2026-03-05 04:23:13,332][stagebridge.viz.embeddings][INFO] - UMAP with trajectories written: outputs/hca_poster/figures/hca_poster_stagebridge__ablation_no_context_umap_pushforward.png
[2026-03-05 04:23:13,343][choreographer.browsers.chromium][INFO] - Chromium init'ed with kwargs {}
[2026-03-05 04:23:18,218][stagebridge.training.trainer][INFO] - Epoch 1/150 | train_loss=0.297171 | val_loss=0.315881
[2026-03-05 04:23:22,027][stagebridge.training.trainer][INFO] - Epoch 2/150 | train_loss=0.281867 | val_loss=0.308147
[2026-03-05 04:23:25,811][stagebridge.training.trainer][INFO] - Epoch 3/150 | train_loss=0.285235 | val_loss=0.321329
[2026-03-05 04:23:29,664][stagebridge.training.trainer][INFO] - Epoch 4/150 | train_loss=0.280864 | val_loss=0.298644
[2026-03-05 04:23:33,503][stagebridge.training.trainer][INFO] - Epoch 5/150 | train_loss=0.294171 | val_loss=0.310812
[2026-03-05 04:23:39,539][stagebridge.training.trainer][INFO] - Epoch 6/150 | train_loss=0.282472 | val_loss=0.330585
[2026-03-05 04:23:43,472][stagebridge.training.trainer][INFO] - Epoch 7/150 | train_loss=0.283362 | val_loss=0.320318
[2026-03-05 04:23:47,333][stagebridge.training.trainer][INFO] - Epoch 8/150 | train_loss=0.277607 | val_loss=0.314660
[2026-03-05 04:23:51,191][stagebridge.training.trainer][INFO] - Epoch 9/150 | train_loss=0.272764 | val_loss=0.310244
[2026-03-05 04:23:55,021][stagebridge.training.trainer][INFO] - Epoch 10/150 | train_loss=0.283925 | val_loss=0.337721
[2026-03-05 04:23:58,864][stagebridge.training.trainer][INFO] - Epoch 11/150 | train_loss=0.282349 | val_loss=0.322324
[2026-03-05 04:24:02,730][stagebridge.training.trainer][INFO] - Epoch 12/150 | train_loss=0.273789 | val_loss=0.298031
[2026-03-05 04:24:06,551][stagebridge.training.trainer][INFO] - Epoch 13/150 | train_loss=0.277688 | val_loss=0.318118
[2026-03-05 04:24:12,047][stagebridge.training.trainer][INFO] - Epoch 14/150 | train_loss=0.276131 | val_loss=0.308293
[2026-03-05 04:24:15,914][stagebridge.training.trainer][INFO] - Epoch 15/150 | train_loss=0.276875 | val_loss=0.304764
[2026-03-05 04:24:19,698][stagebridge.training.trainer][INFO] - Epoch 16/150 | train_loss=0.281269 | val_loss=0.302839
[2026-03-05 04:24:23,473][stagebridge.training.trainer][INFO] - Epoch 17/150 | train_loss=0.278380 | val_loss=0.339855
[2026-03-05 04:24:27,286][stagebridge.training.trainer][INFO] - Epoch 18/150 | train_loss=0.271148 | val_loss=0.304018
[2026-03-05 04:24:31,072][stagebridge.training.trainer][INFO] - Epoch 19/150 | train_loss=0.276833 | val_loss=0.299030
[2026-03-05 04:24:34,883][stagebridge.training.trainer][INFO] - Epoch 20/150 | train_loss=0.273148 | val_loss=0.303840
[2026-03-05 04:24:38,726][stagebridge.training.trainer][INFO] - Epoch 21/150 | train_loss=0.268851 | val_loss=0.302423
[2026-03-05 04:24:42,589][stagebridge.training.trainer][INFO] - Epoch 22/150 | train_loss=0.277608 | val_loss=0.314493
[2026-03-05 04:24:48,471][stagebridge.training.trainer][INFO] - Epoch 23/150 | train_loss=0.273424 | val_loss=0.320215
[2026-03-05 04:24:52,315][stagebridge.training.trainer][INFO] - Epoch 24/150 | train_loss=0.260910 | val_loss=0.298530
[2026-03-05 04:24:55,995][stagebridge.training.trainer][INFO] - Epoch 25/150 | train_loss=0.265082 | val_loss=0.306934
[2026-03-05 04:24:59,685][stagebridge.training.trainer][INFO] - Epoch 26/150 | train_loss=0.272294 | val_loss=0.320523
[2026-03-05 04:25:03,472][stagebridge.training.trainer][INFO] - Epoch 27/150 | train_loss=0.275663 | val_loss=0.294091
[2026-03-05 04:25:07,288][stagebridge.training.trainer][INFO] - Epoch 28/150 | train_loss=0.269962 | val_loss=0.295745
[2026-03-05 04:25:11,100][stagebridge.training.trainer][INFO] - Epoch 29/150 | train_loss=0.267123 | val_loss=0.319705
[2026-03-05 04:25:14,940][stagebridge.training.trainer][INFO] - Epoch 30/150 | train_loss=0.268165 | val_loss=0.298305
[2026-03-05 04:25:20,855][stagebridge.training.trainer][INFO] - Epoch 31/150 | train_loss=0.268641 | val_loss=0.337424
[2026-03-05 04:25:24,808][stagebridge.training.trainer][INFO] - Epoch 32/150 | train_loss=0.266595 | val_loss=0.337504
[2026-03-05 04:25:28,554][stagebridge.training.trainer][INFO] - Epoch 33/150 | train_loss=0.270237 | val_loss=0.322881
[2026-03-05 04:25:32,259][stagebridge.training.trainer][INFO] - Epoch 34/150 | train_loss=0.266193 | val_loss=0.316397
[2026-03-05 04:25:36,100][stagebridge.training.trainer][INFO] - Epoch 35/150 | train_loss=0.263658 | val_loss=0.302556
[2026-03-05 04:25:39,944][stagebridge.training.trainer][INFO] - Epoch 36/150 | train_loss=0.275417 | val_loss=0.322513
[2026-03-05 04:25:43,748][stagebridge.training.trainer][INFO] - Epoch 37/150 | train_loss=0.274027 | val_loss=0.298025
[2026-03-05 04:25:47,589][stagebridge.training.trainer][INFO] - Epoch 38/150 | train_loss=0.271848 | val_loss=0.290928
[2026-03-05 04:25:51,473][stagebridge.training.trainer][INFO] - Epoch 39/150 | train_loss=0.266662 | val_loss=0.288705
[2026-03-05 04:25:57,249][stagebridge.training.trainer][INFO] - Epoch 40/150 | train_loss=0.266802 | val_loss=0.317727
[2026-03-05 04:26:01,038][stagebridge.training.trainer][INFO] - Epoch 41/150 | train_loss=0.264966 | val_loss=0.305641
[2026-03-05 04:26:04,693][stagebridge.training.trainer][INFO] - Epoch 42/150 | train_loss=0.260118 | val_loss=0.276772
[2026-03-05 04:26:08,418][stagebridge.training.trainer][INFO] - Epoch 43/150 | train_loss=0.259300 | val_loss=0.301698
[2026-03-05 04:26:12,199][stagebridge.training.trainer][INFO] - Epoch 44/150 | train_loss=0.264459 | val_loss=0.303319
[2026-03-05 04:26:16,017][stagebridge.training.trainer][INFO] - Epoch 45/150 | train_loss=0.262336 | val_loss=0.301858
[2026-03-05 04:26:19,865][stagebridge.training.trainer][INFO] - Epoch 46/150 | train_loss=0.263126 | val_loss=0.281810
[2026-03-05 04:26:23,734][stagebridge.training.trainer][INFO] - Epoch 47/150 | train_loss=0.261417 | val_loss=0.285608
[2026-03-05 04:26:29,703][stagebridge.training.trainer][INFO] - Epoch 48/150 | train_loss=0.258233 | val_loss=0.287992
[2026-03-05 04:26:33,525][stagebridge.training.trainer][INFO] - Epoch 49/150 | train_loss=0.254072 | val_loss=0.304757
[2026-03-05 04:26:37,182][stagebridge.training.trainer][INFO] - Epoch 50/150 | train_loss=0.253705 | val_loss=0.279984
[2026-03-05 04:26:40,942][stagebridge.training.trainer][INFO] - Epoch 51/150 | train_loss=0.263264 | val_loss=0.291235
[2026-03-05 04:26:44,811][stagebridge.training.trainer][INFO] - Epoch 52/150 | train_loss=0.257587 | val_loss=0.285366
[2026-03-05 04:26:48,667][stagebridge.training.trainer][INFO] - Epoch 53/150 | train_loss=0.257709 | val_loss=0.284974
[2026-03-05 04:26:52,569][stagebridge.training.trainer][INFO] - Epoch 54/150 | train_loss=0.266988 | val_loss=0.302028
[2026-03-05 04:26:56,464][stagebridge.training.trainer][INFO] - Epoch 55/150 | train_loss=0.253635 | val_loss=0.288928
[2026-03-05 04:27:02,296][stagebridge.training.trainer][INFO] - Epoch 56/150 | train_loss=0.259358 | val_loss=0.305593
[2026-03-05 04:27:06,261][stagebridge.training.trainer][INFO] - Epoch 57/150 | train_loss=0.257441 | val_loss=0.304028
[2026-03-05 04:27:10,088][stagebridge.training.trainer][INFO] - Epoch 58/150 | train_loss=0.264150 | val_loss=0.300788
[2026-03-05 04:27:13,877][stagebridge.training.trainer][INFO] - Epoch 59/150 | train_loss=0.255869 | val_loss=0.297309
[2026-03-05 04:27:17,616][stagebridge.training.trainer][INFO] - Epoch 60/150 | train_loss=0.254814 | val_loss=0.299787
[2026-03-05 04:27:21,250][stagebridge.training.trainer][INFO] - Epoch 61/150 | train_loss=0.268426 | val_loss=0.302554
[2026-03-05 04:27:24,997][stagebridge.training.trainer][INFO] - Epoch 62/150 | train_loss=0.256682 | val_loss=0.303152
[2026-03-05 04:27:24,997][stagebridge.training.trainer][INFO] - Early stopping triggered after 20 epochs without improvement.
[2026-03-05 04:27:29,752][stagebridge.training.trainer][INFO] - Epoch 1/150 | train_loss=0.305254 | val_loss=0.306017
[2026-03-05 04:27:33,617][stagebridge.training.trainer][INFO] - Epoch 2/150 | train_loss=0.303276 | val_loss=0.280527
[2026-03-05 04:27:39,586][stagebridge.training.trainer][INFO] - Epoch 3/150 | train_loss=0.304602 | val_loss=0.299841
[2026-03-05 04:27:43,413][stagebridge.training.trainer][INFO] - Epoch 4/150 | train_loss=0.297989 | val_loss=0.293742
[2026-03-05 04:27:47,257][stagebridge.training.trainer][INFO] - Epoch 5/150 | train_loss=0.298806 | val_loss=0.295152
[2026-03-05 04:27:51,089][stagebridge.training.trainer][INFO] - Epoch 6/150 | train_loss=0.299988 | val_loss=0.299797
[2026-03-05 04:27:54,892][stagebridge.training.trainer][INFO] - Epoch 7/150 | train_loss=0.299896 | val_loss=0.294143
[2026-03-05 04:27:58,739][stagebridge.training.trainer][INFO] - Epoch 8/150 | train_loss=0.307860 | val_loss=0.296913
[2026-03-05 04:28:02,580][stagebridge.training.trainer][INFO] - Epoch 9/150 | train_loss=0.307462 | val_loss=0.273076
[2026-03-05 04:28:06,387][stagebridge.training.trainer][INFO] - Epoch 10/150 | train_loss=0.294521 | val_loss=0.302673
[2026-03-05 04:28:12,111][stagebridge.training.trainer][INFO] - Epoch 11/150 | train_loss=0.305875 | val_loss=0.293334
[2026-03-05 04:28:15,910][stagebridge.training.trainer][INFO] - Epoch 12/150 | train_loss=0.297206 | val_loss=0.328428
[2026-03-05 04:28:19,721][stagebridge.training.trainer][INFO] - Epoch 13/150 | train_loss=0.295824 | val_loss=0.278704
[2026-03-05 04:28:23,509][stagebridge.training.trainer][INFO] - Epoch 14/150 | train_loss=0.293390 | val_loss=0.296282
[2026-03-05 04:28:27,298][stagebridge.training.trainer][INFO] - Epoch 15/150 | train_loss=0.294846 | val_loss=0.296707
[2026-03-05 04:28:31,085][stagebridge.training.trainer][INFO] - Epoch 16/150 | train_loss=0.289736 | val_loss=0.281377
[2026-03-05 04:28:34,851][stagebridge.training.trainer][INFO] - Epoch 17/150 | train_loss=0.290015 | val_loss=0.277273
[2026-03-05 04:28:38,629][stagebridge.training.trainer][INFO] - Epoch 18/150 | train_loss=0.300352 | val_loss=0.295764
[2026-03-05 04:28:42,419][stagebridge.training.trainer][INFO] - Epoch 19/150 | train_loss=0.280452 | val_loss=0.296289
[2026-03-05 04:28:48,171][stagebridge.training.trainer][INFO] - Epoch 20/150 | train_loss=0.291810 | val_loss=0.275381
[2026-03-05 04:28:51,965][stagebridge.training.trainer][INFO] - Epoch 21/150 | train_loss=0.294174 | val_loss=0.309955
[2026-03-05 04:28:55,778][stagebridge.training.trainer][INFO] - Epoch 22/150 | train_loss=0.291833 | val_loss=0.279707
[2026-03-05 04:28:59,566][stagebridge.training.trainer][INFO] - Epoch 23/150 | train_loss=0.297952 | val_loss=0.288756
[2026-03-05 04:29:03,356][stagebridge.training.trainer][INFO] - Epoch 24/150 | train_loss=0.282730 | val_loss=0.321393
[2026-03-05 04:29:07,132][stagebridge.training.trainer][INFO] - Epoch 25/150 | train_loss=0.293143 | val_loss=0.310663
[2026-03-05 04:29:10,878][stagebridge.training.trainer][INFO] - Epoch 26/150 | train_loss=0.281078 | val_loss=0.284432
[2026-03-05 04:29:14,592][stagebridge.training.trainer][INFO] - Epoch 27/150 | train_loss=0.301566 | val_loss=0.306209
[2026-03-05 04:29:20,290][stagebridge.training.trainer][INFO] - Epoch 28/150 | train_loss=0.293126 | val_loss=0.305989
[2026-03-05 04:29:24,079][stagebridge.training.trainer][INFO] - Epoch 29/150 | train_loss=0.284468 | val_loss=0.291547
[2026-03-05 04:29:24,079][stagebridge.training.trainer][INFO] - Early stopping triggered after 20 epochs without improvement.
[2026-03-05 04:29:30,133][stagebridge.training.trainer][INFO] - Epoch 1/150 | train_loss=0.302010 | val_loss=0.303259
[2026-03-05 04:29:35,174][stagebridge.training.trainer][INFO] - Epoch 2/150 | train_loss=0.295916 | val_loss=0.323266
[2026-03-05 04:29:40,184][stagebridge.training.trainer][INFO] - Epoch 3/150 | train_loss=0.302814 | val_loss=0.332952
[2026-03-05 04:29:45,224][stagebridge.training.trainer][INFO] - Epoch 4/150 | train_loss=0.293740 | val_loss=0.236518
[2026-03-05 04:29:50,270][stagebridge.training.trainer][INFO] - Epoch 5/150 | train_loss=0.292286 | val_loss=0.303890
[2026-03-05 04:29:57,225][stagebridge.training.trainer][INFO] - Epoch 6/150 | train_loss=0.289848 | val_loss=0.295247
[2026-03-05 04:30:02,361][stagebridge.training.trainer][INFO] - Epoch 7/150 | train_loss=0.298234 | val_loss=0.326655
[2026-03-05 04:30:07,368][stagebridge.training.trainer][INFO] - Epoch 8/150 | train_loss=0.290812 | val_loss=0.298689
[2026-03-05 04:30:12,354][stagebridge.training.trainer][INFO] - Epoch 9/150 | train_loss=0.303632 | val_loss=0.310690
[2026-03-05 04:30:17,303][stagebridge.training.trainer][INFO] - Epoch 10/150 | train_loss=0.299061 | val_loss=0.297577
[2026-03-05 04:30:22,298][stagebridge.training.trainer][INFO] - Epoch 11/150 | train_loss=0.295887 | val_loss=0.320884
[2026-03-05 04:30:29,213][stagebridge.training.trainer][INFO] - Epoch 12/150 | train_loss=0.296182 | val_loss=0.308739
[2026-03-05 04:30:34,161][stagebridge.training.trainer][INFO] - Epoch 13/150 | train_loss=0.297220 | val_loss=0.314107
[2026-03-05 04:30:39,098][stagebridge.training.trainer][INFO] - Epoch 14/150 | train_loss=0.297873 | val_loss=0.330836
[2026-03-05 04:30:44,158][stagebridge.training.trainer][INFO] - Epoch 15/150 | train_loss=0.291937 | val_loss=0.345811
[2026-03-05 04:30:49,172][stagebridge.training.trainer][INFO] - Epoch 16/150 | train_loss=0.286876 | val_loss=0.284113
[2026-03-05 04:30:54,223][stagebridge.training.trainer][INFO] - Epoch 17/150 | train_loss=0.295796 | val_loss=0.315033
[2026-03-05 04:30:59,303][stagebridge.training.trainer][INFO] - Epoch 18/150 | train_loss=0.283601 | val_loss=0.307944
[2026-03-05 04:31:06,224][stagebridge.training.trainer][INFO] - Epoch 19/150 | train_loss=0.295547 | val_loss=0.286423
[2026-03-05 04:31:11,197][stagebridge.training.trainer][INFO] - Epoch 20/150 | train_loss=0.292416 | val_loss=0.316501
[2026-03-05 04:31:16,135][stagebridge.training.trainer][INFO] - Epoch 21/150 | train_loss=0.293419 | val_loss=0.312449
[2026-03-05 04:31:21,073][stagebridge.training.trainer][INFO] - Epoch 22/150 | train_loss=0.296019 | val_loss=0.292474
[2026-03-05 04:31:25,982][stagebridge.training.trainer][INFO] - Epoch 23/150 | train_loss=0.290573 | val_loss=0.320756
[2026-03-05 04:31:30,908][stagebridge.training.trainer][INFO] - Epoch 24/150 | train_loss=0.287450 | val_loss=0.335671
[2026-03-05 04:31:30,908][stagebridge.training.trainer][INFO] - Early stopping triggered after 20 epochs without improvement.
[2026-03-05 04:31:31,608][stagebridge.viz.embeddings][INFO] - UMAP with trajectories written: outputs/hca_poster/figures/hca_poster_stagebridge__ablation_no_stage_embedding_umap_pushforward.png
[2026-03-05 04:31:31,617][choreographer.browsers.chromium][INFO] - Chromium init'ed with kwargs {}
[2026-03-05 04:31:39,951][stagebridge.training.trainer][INFO] - Epoch 1/150 | train_loss=0.285607 | val_loss=0.302488
[2026-03-05 04:31:44,950][stagebridge.training.trainer][INFO] - Epoch 2/150 | train_loss=0.282768 | val_loss=0.307205
[2026-03-05 04:31:49,961][stagebridge.training.trainer][INFO] - Epoch 3/150 | train_loss=0.280780 | val_loss=0.320883
[2026-03-05 04:31:54,940][stagebridge.training.trainer][INFO] - Epoch 4/150 | train_loss=0.284004 | val_loss=0.314840
[2026-03-05 04:31:59,944][stagebridge.training.trainer][INFO] - Epoch 5/150 | train_loss=0.281192 | val_loss=0.301523
[2026-03-05 04:32:06,737][stagebridge.training.trainer][INFO] - Epoch 6/150 | train_loss=0.277737 | val_loss=0.301737
[2026-03-05 04:32:15,433][stagebridge.training.trainer][INFO] - Epoch 7/150 | train_loss=0.288203 | val_loss=0.306943
[2026-03-05 04:32:20,589][stagebridge.training.trainer][INFO] - Epoch 8/150 | train_loss=0.284344 | val_loss=0.310658
[2026-03-05 04:32:25,578][stagebridge.training.trainer][INFO] - Epoch 9/150 | train_loss=0.283757 | val_loss=0.325373
[2026-03-05 04:32:30,556][stagebridge.training.trainer][INFO] - Epoch 10/150 | train_loss=0.285692 | val_loss=0.310849
[2026-03-05 04:32:35,619][stagebridge.training.trainer][INFO] - Epoch 11/150 | train_loss=0.284683 | val_loss=0.310992
[2026-03-05 04:32:40,698][stagebridge.training.trainer][INFO] - Epoch 12/150 | train_loss=0.278899 | val_loss=0.332343
[2026-03-05 04:32:47,727][stagebridge.training.trainer][INFO] - Epoch 13/150 | train_loss=0.286690 | val_loss=0.289319
[2026-03-05 04:32:52,805][stagebridge.training.trainer][INFO] - Epoch 14/150 | train_loss=0.277491 | val_loss=0.299042
[2026-03-05 04:32:57,868][stagebridge.training.trainer][INFO] - Epoch 15/150 | train_loss=0.280574 | val_loss=0.291245
[2026-03-05 04:33:02,921][stagebridge.training.trainer][INFO] - Epoch 16/150 | train_loss=0.279351 | val_loss=0.301851
[2026-03-05 04:33:07,999][stagebridge.training.trainer][INFO] - Epoch 17/150 | train_loss=0.288417 | val_loss=0.310042
[2026-03-05 04:33:12,994][stagebridge.training.trainer][INFO] - Epoch 18/150 | train_loss=0.287520 | val_loss=0.328352
[2026-03-05 04:33:19,987][stagebridge.training.trainer][INFO] - Epoch 19/150 | train_loss=0.280571 | val_loss=0.304485
[2026-03-05 04:33:25,006][stagebridge.training.trainer][INFO] - Epoch 20/150 | train_loss=0.278258 | val_loss=0.296352
[2026-03-05 04:33:30,033][stagebridge.training.trainer][INFO] - Epoch 21/150 | train_loss=0.283178 | val_loss=0.313024
[2026-03-05 04:33:35,060][stagebridge.training.trainer][INFO] - Epoch 22/150 | train_loss=0.274592 | val_loss=0.311229
[2026-03-05 04:33:40,123][stagebridge.training.trainer][INFO] - Epoch 23/150 | train_loss=0.282009 | val_loss=0.300957
[2026-03-05 04:33:45,182][stagebridge.training.trainer][INFO] - Epoch 24/150 | train_loss=0.287572 | val_loss=0.310743
[2026-03-05 04:33:50,270][stagebridge.training.trainer][INFO] - Epoch 25/150 | train_loss=0.280421 | val_loss=0.311716
[2026-03-05 04:33:57,225][stagebridge.training.trainer][INFO] - Epoch 26/150 | train_loss=0.271069 | val_loss=0.316058
[2026-03-05 04:34:02,240][stagebridge.training.trainer][INFO] - Epoch 27/150 | train_loss=0.279605 | val_loss=0.318931
[2026-03-05 04:34:07,270][stagebridge.training.trainer][INFO] - Epoch 28/150 | train_loss=0.289403 | val_loss=0.331376
[2026-03-05 04:34:12,316][stagebridge.training.trainer][INFO] - Epoch 29/150 | train_loss=0.279236 | val_loss=0.313402
[2026-03-05 04:34:17,311][stagebridge.training.trainer][INFO] - Epoch 30/150 | train_loss=0.293887 | val_loss=0.300741
[2026-03-05 04:34:22,353][stagebridge.training.trainer][INFO] - Epoch 31/150 | train_loss=0.287083 | val_loss=0.308187
[2026-03-05 04:34:29,305][stagebridge.training.trainer][INFO] - Epoch 32/150 | train_loss=0.276199 | val_loss=0.285078
[2026-03-05 04:34:34,329][stagebridge.training.trainer][INFO] - Epoch 33/150 | train_loss=0.286765 | val_loss=0.317476
[2026-03-05 04:34:39,304][stagebridge.training.trainer][INFO] - Epoch 34/150 | train_loss=0.267565 | val_loss=0.312516
[2026-03-05 04:34:44,265][stagebridge.training.trainer][INFO] - Epoch 35/150 | train_loss=0.268761 | val_loss=0.314588
[2026-03-05 04:34:49,237][stagebridge.training.trainer][INFO] - Epoch 36/150 | train_loss=0.273467 | val_loss=0.307403
[2026-03-05 04:34:54,210][stagebridge.training.trainer][INFO] - Epoch 37/150 | train_loss=0.274631 | val_loss=0.296308
[2026-03-05 04:35:01,457][stagebridge.training.trainer][INFO] - Epoch 38/150 | train_loss=0.276179 | val_loss=0.309911
[2026-03-05 04:35:06,516][stagebridge.training.trainer][INFO] - Epoch 39/150 | train_loss=0.272960 | val_loss=0.291010
[2026-03-05 04:35:11,646][stagebridge.training.trainer][INFO] - Epoch 40/150 | train_loss=0.266403 | val_loss=0.303991
[2026-03-05 04:35:16,655][stagebridge.training.trainer][INFO] - Epoch 41/150 | train_loss=0.278861 | val_loss=0.303478
[2026-03-05 04:35:21,672][stagebridge.training.trainer][INFO] - Epoch 42/150 | train_loss=0.277040 | val_loss=0.312598
[2026-03-05 04:35:26,646][stagebridge.training.trainer][INFO] - Epoch 43/150 | train_loss=0.276772 | val_loss=0.288844
[2026-03-05 04:35:31,648][stagebridge.training.trainer][INFO] - Epoch 44/150 | train_loss=0.272528 | val_loss=0.316491
[2026-03-05 04:35:38,389][stagebridge.training.trainer][INFO] - Epoch 45/150 | train_loss=0.263998 | val_loss=0.299664
[2026-03-05 04:35:43,297][stagebridge.training.trainer][INFO] - Epoch 46/150 | train_loss=0.262609 | val_loss=0.294189
[2026-03-05 04:35:48,219][stagebridge.training.trainer][INFO] - Epoch 47/150 | train_loss=0.270074 | val_loss=0.294939
[2026-03-05 04:35:53,136][stagebridge.training.trainer][INFO] - Epoch 48/150 | train_loss=0.271022 | val_loss=0.312445
[2026-03-05 04:35:58,088][stagebridge.training.trainer][INFO] - Epoch 49/150 | train_loss=0.274384 | val_loss=0.303418
[2026-03-05 04:36:03,054][stagebridge.training.trainer][INFO] - Epoch 50/150 | train_loss=0.270127 | val_loss=0.305058
[2026-03-05 04:36:10,032][stagebridge.training.trainer][INFO] - Epoch 51/150 | train_loss=0.259713 | val_loss=0.279837
[2026-03-05 04:36:15,022][stagebridge.training.trainer][INFO] - Epoch 52/150 | train_loss=0.259711 | val_loss=0.305436
[2026-03-05 04:36:19,981][stagebridge.training.trainer][INFO] - Epoch 53/150 | train_loss=0.261349 | val_loss=0.332075
[2026-03-05 04:36:24,930][stagebridge.training.trainer][INFO] - Epoch 54/150 | train_loss=0.267367 | val_loss=0.293083
[2026-03-05 04:36:29,885][stagebridge.training.trainer][INFO] - Epoch 55/150 | train_loss=0.266417 | val_loss=0.311552
[2026-03-05 04:36:34,859][stagebridge.training.trainer][INFO] - Epoch 56/150 | train_loss=0.271499 | val_loss=0.307587
[2026-03-05 04:36:39,831][stagebridge.training.trainer][INFO] - Epoch 57/150 | train_loss=0.255939 | val_loss=0.284626
[2026-03-05 04:36:46,776][stagebridge.training.trainer][INFO] - Epoch 58/150 | train_loss=0.259202 | val_loss=0.293825
[2026-03-05 04:36:51,752][stagebridge.training.trainer][INFO] - Epoch 59/150 | train_loss=0.262360 | val_loss=0.288080
[2026-03-05 04:36:56,707][stagebridge.training.trainer][INFO] - Epoch 60/150 | train_loss=0.263303 | val_loss=0.294197
[2026-03-05 04:37:01,606][stagebridge.training.trainer][INFO] - Epoch 61/150 | train_loss=0.261392 | val_loss=0.297630
[2026-03-05 04:37:06,588][stagebridge.training.trainer][INFO] - Epoch 62/150 | train_loss=0.259599 | val_loss=0.296845
[2026-03-05 04:37:11,576][stagebridge.training.trainer][INFO] - Epoch 63/150 | train_loss=0.265173 | val_loss=0.306228
[2026-03-05 04:37:18,518][stagebridge.training.trainer][INFO] - Epoch 64/150 | train_loss=0.260242 | val_loss=0.311772
[2026-03-05 04:37:23,496][stagebridge.training.trainer][INFO] - Epoch 65/150 | train_loss=0.262988 | val_loss=0.300800
[2026-03-05 04:37:28,450][stagebridge.training.trainer][INFO] - Epoch 66/150 | train_loss=0.260390 | val_loss=0.300335
[2026-03-05 04:37:33,356][stagebridge.training.trainer][INFO] - Epoch 67/150 | train_loss=0.255248 | val_loss=0.313397
[2026-03-05 04:37:38,314][stagebridge.training.trainer][INFO] - Epoch 68/150 | train_loss=0.261869 | val_loss=0.312327
[2026-03-05 04:37:43,298][stagebridge.training.trainer][INFO] - Epoch 69/150 | train_loss=0.267427 | val_loss=0.296134
[2026-03-05 04:37:48,264][stagebridge.training.trainer][INFO] - Epoch 70/150 | train_loss=0.269743 | val_loss=0.295297
[2026-03-05 04:37:55,203][stagebridge.training.trainer][INFO] - Epoch 71/150 | train_loss=0.260796 | val_loss=0.289607
[2026-03-05 04:37:55,204][stagebridge.training.trainer][INFO] - Early stopping triggered after 20 epochs without improvement.
[2026-03-05 04:38:01,047][stagebridge.training.trainer][INFO] - Epoch 1/150 | train_loss=0.306842 | val_loss=0.275550
[2026-03-05 04:38:05,998][stagebridge.training.trainer][INFO] - Epoch 2/150 | train_loss=0.296369 | val_loss=0.257594
[2026-03-05 04:38:10,965][stagebridge.training.trainer][INFO] - Epoch 3/150 | train_loss=0.307854 | val_loss=0.284953
[2026-03-05 04:38:15,968][stagebridge.training.trainer][INFO] - Epoch 4/150 | train_loss=0.298350 | val_loss=0.280893
[2026-03-05 04:38:20,978][stagebridge.training.trainer][INFO] - Epoch 5/150 | train_loss=0.291255 | val_loss=0.286076
[2026-03-05 04:38:27,963][stagebridge.training.trainer][INFO] - Epoch 6/150 | train_loss=0.297745 | val_loss=0.279722
[2026-03-05 04:38:32,969][stagebridge.training.trainer][INFO] - Epoch 7/150 | train_loss=0.294116 | val_loss=0.298481
[2026-03-05 04:38:37,983][stagebridge.training.trainer][INFO] - Epoch 8/150 | train_loss=0.302978 | val_loss=0.298775
[2026-03-05 04:38:43,011][stagebridge.training.trainer][INFO] - Epoch 9/150 | train_loss=0.291693 | val_loss=0.275028
[2026-03-05 04:38:48,093][stagebridge.training.trainer][INFO] - Epoch 10/150 | train_loss=0.297871 | val_loss=0.282090
[2026-03-05 04:38:53,203][stagebridge.training.trainer][INFO] - Epoch 11/150 | train_loss=0.294717 | val_loss=0.290520
[2026-03-05 04:39:00,204][stagebridge.training.trainer][INFO] - Epoch 12/150 | train_loss=0.309150 | val_loss=0.308938
[2026-03-05 04:39:05,309][stagebridge.training.trainer][INFO] - Epoch 13/150 | train_loss=0.301916 | val_loss=0.275639
[2026-03-05 04:39:10,377][stagebridge.training.trainer][INFO] - Epoch 14/150 | train_loss=0.292905 | val_loss=0.276919
[2026-03-05 04:39:15,277][stagebridge.training.trainer][INFO] - Epoch 15/150 | train_loss=0.294762 | val_loss=0.310823
[2026-03-05 04:39:20,336][stagebridge.training.trainer][INFO] - Epoch 16/150 | train_loss=0.302682 | val_loss=0.321942
[2026-03-05 04:39:25,424][stagebridge.training.trainer][INFO] - Epoch 17/150 | train_loss=0.296451 | val_loss=0.295371
[2026-03-05 04:39:30,528][stagebridge.training.trainer][INFO] - Epoch 18/150 | train_loss=0.291093 | val_loss=0.293514
[2026-03-05 04:39:37,593][stagebridge.training.trainer][INFO] - Epoch 19/150 | train_loss=0.290348 | val_loss=0.266081
[2026-03-05 04:39:42,629][stagebridge.training.trainer][INFO] - Epoch 20/150 | train_loss=0.293654 | val_loss=0.267558
[2026-03-05 04:39:47,536][stagebridge.training.trainer][INFO] - Epoch 21/150 | train_loss=0.292941 | val_loss=0.283287
[2026-03-05 04:39:52,606][stagebridge.training.trainer][INFO] - Epoch 22/150 | train_loss=0.286010 | val_loss=0.252996
[2026-03-05 04:39:57,687][stagebridge.training.trainer][INFO] - Epoch 23/150 | train_loss=0.284944 | val_loss=0.278010
[2026-03-05 04:40:02,794][stagebridge.training.trainer][INFO] - Epoch 24/150 | train_loss=0.307036 | val_loss=0.298815
[2026-03-05 04:40:09,780][stagebridge.training.trainer][INFO] - Epoch 25/150 | train_loss=0.296206 | val_loss=0.275859
[2026-03-05 04:40:14,879][stagebridge.training.trainer][INFO] - Epoch 26/150 | train_loss=0.291157 | val_loss=0.275500
[2026-03-05 04:40:19,810][stagebridge.training.trainer][INFO] - Epoch 27/150 | train_loss=0.314009 | val_loss=0.309023
[2026-03-05 04:40:24,747][stagebridge.training.trainer][INFO] - Epoch 28/150 | train_loss=0.299167 | val_loss=0.267996
[2026-03-05 04:40:29,817][stagebridge.training.trainer][INFO] - Epoch 29/150 | train_loss=0.276132 | val_loss=0.269312
[2026-03-05 04:40:34,836][stagebridge.training.trainer][INFO] - Epoch 30/150 | train_loss=0.305235 | val_loss=0.261004
[2026-03-05 04:40:39,890][stagebridge.training.trainer][INFO] - Epoch 31/150 | train_loss=0.286309 | val_loss=0.294287
[2026-03-05 04:40:46,945][stagebridge.training.trainer][INFO] - Epoch 32/150 | train_loss=0.293145 | val_loss=0.283304
[2026-03-05 04:40:52,025][stagebridge.training.trainer][INFO] - Epoch 33/150 | train_loss=0.287086 | val_loss=0.278180
[2026-03-05 04:40:56,817][stagebridge.training.trainer][INFO] - Epoch 34/150 | train_loss=0.288006 | val_loss=0.304853
[2026-03-05 04:41:01,846][stagebridge.training.trainer][INFO] - Epoch 35/150 | train_loss=0.280551 | val_loss=0.297698
[2026-03-05 04:41:06,873][stagebridge.training.trainer][INFO] - Epoch 36/150 | train_loss=0.277533 | val_loss=0.270039
[2026-03-05 04:41:11,897][stagebridge.training.trainer][INFO] - Epoch 37/150 | train_loss=0.291020 | val_loss=0.281546
[2026-03-05 04:41:18,948][stagebridge.training.trainer][INFO] - Epoch 38/150 | train_loss=0.283411 | val_loss=0.286364
[2026-03-05 04:41:24,040][stagebridge.training.trainer][INFO] - Epoch 39/150 | train_loss=0.285203 | val_loss=0.284609
[2026-03-05 04:41:28,880][stagebridge.training.trainer][INFO] - Epoch 40/150 | train_loss=0.273734 | val_loss=0.292781
[2026-03-05 04:41:33,758][stagebridge.training.trainer][INFO] - Epoch 41/150 | train_loss=0.271866 | val_loss=0.272746
[2026-03-05 04:41:38,742][stagebridge.training.trainer][INFO] - Epoch 42/150 | train_loss=0.292502 | val_loss=0.281847
[2026-03-05 04:41:38,742][stagebridge.training.trainer][INFO] - Early stopping triggered after 20 epochs without improvement.
[2026-03-05 04:41:43,955][stagebridge.training.trainer][INFO] - Epoch 1/150 | train_loss=0.307401 | val_loss=0.364247
[2026-03-05 04:41:48,262][stagebridge.training.trainer][INFO] - Epoch 2/150 | train_loss=0.291111 | val_loss=0.338483
[2026-03-05 04:41:54,575][stagebridge.training.trainer][INFO] - Epoch 3/150 | train_loss=0.286424 | val_loss=0.326468
[2026-03-05 04:41:58,978][stagebridge.training.trainer][INFO] - Epoch 4/150 | train_loss=0.286347 | val_loss=0.353607
[2026-03-05 04:42:03,004][stagebridge.training.trainer][INFO] - Epoch 5/150 | train_loss=0.280910 | val_loss=0.337220
[2026-03-05 04:42:06,999][stagebridge.training.trainer][INFO] - Epoch 6/150 | train_loss=0.288329 | val_loss=0.336568
[2026-03-05 04:42:11,126][stagebridge.training.trainer][INFO] - Epoch 7/150 | train_loss=0.288026 | val_loss=0.321524
[2026-03-05 04:42:15,317][stagebridge.training.trainer][INFO] - Epoch 8/150 | train_loss=0.268196 | val_loss=0.333151
[2026-03-05 04:42:19,630][stagebridge.training.trainer][INFO] - Epoch 9/150 | train_loss=0.273946 | val_loss=0.341980
[2026-03-05 04:42:26,012][stagebridge.training.trainer][INFO] - Epoch 10/150 | train_loss=0.260913 | val_loss=0.330727
[2026-03-05 04:42:30,451][stagebridge.training.trainer][INFO] - Epoch 11/150 | train_loss=0.269463 | val_loss=0.337899
[2026-03-05 04:42:34,750][stagebridge.training.trainer][INFO] - Epoch 12/150 | train_loss=0.264715 | val_loss=0.329104
[2026-03-05 04:42:38,818][stagebridge.training.trainer][INFO] - Epoch 13/150 | train_loss=0.262787 | val_loss=0.312128
[2026-03-05 04:42:42,869][stagebridge.training.trainer][INFO] - Epoch 14/150 | train_loss=0.261819 | val_loss=0.398887
[2026-03-05 04:42:46,922][stagebridge.training.trainer][INFO] - Epoch 15/150 | train_loss=0.270158 | val_loss=0.334197
[2026-03-05 04:42:51,068][stagebridge.training.trainer][INFO] - Epoch 16/150 | train_loss=0.263594 | val_loss=0.319994
[2026-03-05 04:42:55,376][stagebridge.training.trainer][INFO] - Epoch 17/150 | train_loss=0.255068 | val_loss=0.320218
[2026-03-05 04:43:01,847][stagebridge.training.trainer][INFO] - Epoch 18/150 | train_loss=0.255420 | val_loss=0.317445
[2026-03-05 04:43:06,278][stagebridge.training.trainer][INFO] - Epoch 19/150 | train_loss=0.261539 | val_loss=0.359843
[2026-03-05 04:43:10,476][stagebridge.training.trainer][INFO] - Epoch 20/150 | train_loss=0.261098 | val_loss=0.351015
[2026-03-05 04:43:14,606][stagebridge.training.trainer][INFO] - Epoch 21/150 | train_loss=0.261419 | val_loss=0.356902
[2026-03-05 04:43:18,649][stagebridge.training.trainer][INFO] - Epoch 22/150 | train_loss=0.252120 | val_loss=0.330980
[2026-03-05 04:43:22,736][stagebridge.training.trainer][INFO] - Epoch 23/150 | train_loss=0.257384 | val_loss=0.321884
[2026-03-05 04:43:27,005][stagebridge.training.trainer][INFO] - Epoch 24/150 | train_loss=0.265796 | val_loss=0.342394
[2026-03-05 04:43:31,208][stagebridge.training.trainer][INFO] - Epoch 25/150 | train_loss=0.265451 | val_loss=0.360735
[2026-03-05 04:43:37,684][stagebridge.training.trainer][INFO] - Epoch 26/150 | train_loss=0.259570 | val_loss=0.345290
[2026-03-05 04:43:41,922][stagebridge.training.trainer][INFO] - Epoch 27/150 | train_loss=0.253180 | val_loss=0.336639
[2026-03-05 04:43:45,969][stagebridge.training.trainer][INFO] - Epoch 28/150 | train_loss=0.256791 | val_loss=0.339497
[2026-03-05 04:43:50,027][stagebridge.training.trainer][INFO] - Epoch 29/150 | train_loss=0.255928 | val_loss=0.374186
[2026-03-05 04:43:54,051][stagebridge.training.trainer][INFO] - Epoch 30/150 | train_loss=0.250097 | val_loss=0.323897
[2026-03-05 04:43:58,161][stagebridge.training.trainer][INFO] - Epoch 31/150 | train_loss=0.248529 | val_loss=0.338723
[2026-03-05 04:44:02,458][stagebridge.training.trainer][INFO] - Epoch 32/150 | train_loss=0.247623 | val_loss=0.353414
[2026-03-05 04:44:08,953][stagebridge.training.trainer][INFO] - Epoch 33/150 | train_loss=0.251996 | val_loss=0.336294
[2026-03-05 04:44:08,953][stagebridge.training.trainer][INFO] - Early stopping triggered after 20 epochs without improvement.
[2026-03-05 04:44:09,669][stagebridge.viz.embeddings][INFO] - UMAP with trajectories written: outputs/hca_poster/figures/hca_poster_stagebridge__ablation_no_context_consistency_umap_pushforward.png
[2026-03-05 04:44:09,679][choreographer.browsers.chromium][INFO] - Chromium init'ed with kwargs {}
[2026-03-05 04:44:16,674][stagebridge.training.trainer][INFO] - Epoch 1/150 | train_loss=0.285477 | val_loss=0.289928
[2026-03-05 04:44:22,330][stagebridge.training.trainer][INFO] - Epoch 2/150 | train_loss=0.274153 | val_loss=0.306086
[2026-03-05 04:44:27,418][stagebridge.training.trainer][INFO] - Epoch 3/150 | train_loss=0.279814 | val_loss=0.310016
[2026-03-05 04:44:31,597][stagebridge.training.trainer][INFO] - Epoch 4/150 | train_loss=0.280775 | val_loss=0.336001
[2026-03-05 04:44:35,932][stagebridge.training.trainer][INFO] - Epoch 5/150 | train_loss=0.277098 | val_loss=0.318267
[2026-03-05 04:44:40,274][stagebridge.training.trainer][INFO] - Epoch 6/150 | train_loss=0.278187 | val_loss=0.314082
[2026-03-05 04:44:46,793][stagebridge.training.trainer][INFO] - Epoch 7/150 | train_loss=0.273029 | val_loss=0.316285
[2026-03-05 04:44:51,003][stagebridge.training.trainer][INFO] - Epoch 8/150 | train_loss=0.273801 | val_loss=0.336075
[2026-03-05 04:44:55,132][stagebridge.training.trainer][INFO] - Epoch 9/150 | train_loss=0.269983 | val_loss=0.321863
[2026-03-05 04:44:59,385][stagebridge.training.trainer][INFO] - Epoch 10/150 | train_loss=0.269038 | val_loss=0.308458
[2026-03-05 04:45:03,764][stagebridge.training.trainer][INFO] - Epoch 11/150 | train_loss=0.260190 | val_loss=0.329799
[2026-03-05 04:45:08,065][stagebridge.training.trainer][INFO] - Epoch 12/150 | train_loss=0.271291 | val_loss=0.327458
[2026-03-05 04:45:12,345][stagebridge.training.trainer][INFO] - Epoch 13/150 | train_loss=0.263740 | val_loss=0.323842
[2026-03-05 04:45:18,521][stagebridge.training.trainer][INFO] - Epoch 14/150 | train_loss=0.274515 | val_loss=0.318798
[2026-03-05 04:45:22,859][stagebridge.training.trainer][INFO] - Epoch 15/150 | train_loss=0.268040 | val_loss=0.307832
[2026-03-05 04:45:27,043][stagebridge.training.trainer][INFO] - Epoch 16/150 | train_loss=0.274938 | val_loss=0.317654
[2026-03-05 04:45:31,252][stagebridge.training.trainer][INFO] - Epoch 17/150 | train_loss=0.260477 | val_loss=0.301854
[2026-03-05 04:45:35,496][stagebridge.training.trainer][INFO] - Epoch 18/150 | train_loss=0.266893 | val_loss=0.317950
[2026-03-05 04:45:39,748][stagebridge.training.trainer][INFO] - Epoch 19/150 | train_loss=0.269591 | val_loss=0.305066
[2026-03-05 04:45:44,236][stagebridge.training.trainer][INFO] - Epoch 20/150 | train_loss=0.264454 | val_loss=0.325884
[2026-03-05 04:45:48,550][stagebridge.training.trainer][INFO] - Epoch 21/150 | train_loss=0.263385 | val_loss=0.313412
[2026-03-05 04:45:48,550][stagebridge.training.trainer][INFO] - Early stopping triggered after 20 epochs without improvement.
[2026-03-05 04:45:55,791][stagebridge.training.trainer][INFO] - Epoch 1/150 | train_loss=0.282229 | val_loss=0.262464
[2026-03-05 04:46:00,002][stagebridge.training.trainer][INFO] - Epoch 2/150 | train_loss=0.287567 | val_loss=0.285314
[2026-03-05 04:46:04,021][stagebridge.training.trainer][INFO] - Epoch 3/150 | train_loss=0.287661 | val_loss=0.293930
[2026-03-05 04:46:08,178][stagebridge.training.trainer][INFO] - Epoch 4/150 | train_loss=0.284179 | val_loss=0.312105
[2026-03-05 04:46:12,356][stagebridge.training.trainer][INFO] - Epoch 5/150 | train_loss=0.285599 | val_loss=0.322841
[2026-03-05 04:46:16,604][stagebridge.training.trainer][INFO] - Epoch 6/150 | train_loss=0.273336 | val_loss=0.281253
[2026-03-05 04:46:20,902][stagebridge.training.trainer][INFO] - Epoch 7/150 | train_loss=0.289618 | val_loss=0.298135
[2026-03-05 04:46:27,337][stagebridge.training.trainer][INFO] - Epoch 8/150 | train_loss=0.278530 | val_loss=0.299348
[2026-03-05 04:46:31,617][stagebridge.training.trainer][INFO] - Epoch 9/150 | train_loss=0.279633 | val_loss=0.308832
[2026-03-05 04:46:35,731][stagebridge.training.trainer][INFO] - Epoch 10/150 | train_loss=0.284714 | val_loss=0.287791
[2026-03-05 04:46:39,879][stagebridge.training.trainer][INFO] - Epoch 11/150 | train_loss=0.274662 | val_loss=0.300090
[2026-03-05 04:46:44,084][stagebridge.training.trainer][INFO] - Epoch 12/150 | train_loss=0.274062 | val_loss=0.301045
[2026-03-05 04:46:48,300][stagebridge.training.trainer][INFO] - Epoch 13/150 | train_loss=0.268306 | val_loss=0.278844
[2026-03-05 04:46:52,593][stagebridge.training.trainer][INFO] - Epoch 14/150 | train_loss=0.273220 | val_loss=0.310873
[2026-03-05 04:46:56,877][stagebridge.training.trainer][INFO] - Epoch 15/150 | train_loss=0.278186 | val_loss=0.294722
[2026-03-05 04:47:03,041][stagebridge.training.trainer][INFO] - Epoch 16/150 | train_loss=0.268420 | val_loss=0.310733
[2026-03-05 04:47:07,218][stagebridge.training.trainer][INFO] - Epoch 17/150 | train_loss=0.264684 | val_loss=0.276633
[2026-03-05 04:47:11,206][stagebridge.training.trainer][INFO] - Epoch 18/150 | train_loss=0.271119 | val_loss=0.314518
[2026-03-05 04:47:15,326][stagebridge.training.trainer][INFO] - Epoch 19/150 | train_loss=0.267488 | val_loss=0.301878
[2026-03-05 04:47:19,527][stagebridge.training.trainer][INFO] - Epoch 20/150 | train_loss=0.274154 | val_loss=0.294645
[2026-03-05 04:47:23,717][stagebridge.training.trainer][INFO] - Epoch 21/150 | train_loss=0.269649 | val_loss=0.288858
[2026-03-05 04:47:23,717][stagebridge.training.trainer][INFO] - Early stopping triggered after 20 epochs without improvement.
[2026-03-05 04:47:24,508][__main__][INFO] - Training complete. Metrics saved to outputs/hca_poster/tables/metrics_hca_poster.json
[2026-03-05 04:47:24,508][__main__][INFO] - Run manifest saved to outputs/hca_poster/tables/run_manifest_hca_poster.json
[2026-03-05 04:47:24,508][__main__][INFO] - Ablation matrix saved to outputs/hca_poster/tables/ablation_matrix.csv
{"ok": true, "run_name": "hca_poster", "metrics_json": "outputs/hca_poster/tables/metrics_hca_poster.json", "run_manifest_json": "outputs/hca_poster/tables/run_manifest_hca_poster.json", "ablation_matrix_csv": "outputs/hca_poster/tables/ablation_matrix.csv", "stagebridge_figures": {"loss_curve_png": "outputs/hca_poster/figures/hca_poster_loss_curve.png", "umap_pushforward_png": "outputs/hca_poster/figures/hca_poster_umap_pushforward.png", "sankey_macroflow_png": "outputs/hca_poster/figures/hca_poster_sankey_macroflow.png"}}
